soundname	value	cog	sd	skewness	kurtosis
adyghe_d45	qjəsədzjə_1	5875.27106574391	4461.7630102626645	-0.28159703794192686	-1.3305121599332714
adyghe_d45	qjəsədzjə_2	4592.4114550095765	4458.58367968588	0.38822396792186326	-0.9234099033397558
adyghe_d45	qjəsədzjə_3	3585.2371900616945	4377.715020270322	0.8593973942671415	-0.43277104768455077
adyghe_d45	qjəsədzjə_cf	4699.110795713147	4586.303519949378	0.19537075230276002	-1.4630189451321307
adyghe_d45	nəsɐ_1	3509.893406735014	4502.513655614597	0.7290645872130415	-1.0522606117268234
adyghe_d45	nəsɐ_2	4085.761156467466	4714.204054704776	0.5250261243863108	-1.2938283794162917
adyghe_d45	nəsɐ_3	2346.8008840782895	4005.9519210131075	1.3392911763602453	0.234367242265606
adyghe_d45	nəsɐ_cf	1554.4529227056578	3334.7598823153453	1.9380482377343282	2.263480469623076
adyghe_d45	sabəjə_1	9694.184532929785	3421.038684800213	-0.6107561769808002	1.133942835881414
adyghe_d45	sabəjə_2	9706.884685049512	3742.2118705533503	-0.8124552499968972	0.7886114049330826
adyghe_d45	sabəjə_3	9711.502571479283	3221.494330609708	-1.1181650426102168	2.5025658972909968
adyghe_d45	sabəjə_cf	2545.877028188515	4217.954619087461	1.3795172499427133	0.3785208918529017
adyghe_d45	sabəj_1	7984.1540377745905	2886.5990894159404	-0.31046736074928716	1.920552907696151
adyghe_d45	sabəj_2	9114.667213655033	2460.11676868827	-0.5305431355277267	3.742455921354278
adyghe_d45	sabəj_3	8511.19399873045	3522.089033414189	-1.1175155734231637	1.198265118909358
adyghe_d45	sabəj_cf	6011.16288635982	4668.582080078642	-0.17196494194424636	-1.3984783150224123
adyghe_d45	sapɐ_1	9785.911122605869	2287.661302383153	-0.9508703229034109	4.222315187607121
adyghe_d45	sapɐ_2	8833.181046352649	2272.139896726215	-0.5638002418010856	4.374605707459686
adyghe_d45	sapɐ_3	7929.186396804989	3828.4260632546466	-0.771963219855559	0.30061517568315743
adyghe_d45	sapɐ_4	8395.198961355603	2906.602750109071	-1.0147166403304473	2.7501327314179482
adyghe_d45	səʒɐ_1	9203.200185784306	2353.5771289940963	-0.36072568924815895	2.4467821099196163
adyghe_d45	səʒɐ_2	8333.313186773894	2371.3152438796046	-0.7339734362376925	3.76096242549489
adyghe_d45	səʒɐ_3	8347.091732738847	2320.6569884948144	0.01630916056731527	3.8729104955281555
adyghe_d45	səʒɐ_cf	4657.650760599889	4385.889685972177	0.20407558187051	-1.367418624560331
adyghe_d45	sɐχɐ_1	8978.820293471681	2259.2491886105713	-1.170545182270859	5.293961506134098
adyghe_d45	sɐχɐ_2	8176.521189649628	2778.427413809608	-1.4382701941110616	3.3310652682711765
adyghe_d45	sɐχɐ_3	8517.982677861577	2786.6117729046223	-0.8818074082618265	2.505455165757339
adyghe_d45	sɐχɐ_cf	7558.085740343677	3994.0369698892787	-0.8800532002315681	-0.19429775542499517
adyghe_d45	sɐŝ'ə_1	9638.846590004649	3379.257009427506	-1.2846782016051497	1.9280723678976308
adyghe_d45	sɐŝ'ə_2	11350.305449214844	2330.1892470652188	-2.3554156365847643	8.905812845118996
adyghe_d45	sɐŝ'ə_3	10243.345530085835	3280.212221874286	-1.41678622888971	2.4016874693648242
adyghe_d45	sɐŝ'ə_cf	10799.365527830876	3005.4735860367073	-1.9635381596771664	4.760297796421689
adyghe_d45	sɐŝ'ə_1	10331.380722195752	2839.0738997094986	-1.9910174244260257	5.453004929870465
adyghe_d45	sɐŝ'ə_2	10152.24221502195	2279.3497755729845	-1.8176696597016675	6.2578487570327255
adyghe_d45	sɐŝ'ə_3	10134.118335715202	2914.675192706975	-2.001685183192816	4.745354554537498
adyghe_d45	sɐŝ'ə_cf	9752.655776897027	3326.80713362433	-1.7797957922017245	3.1368103744808664
adyghe_d45	ħisap_1	1835.0648028751639	3703.9561703404197	1.9088000734387303	2.1963030689930223
adyghe_d45	ħisap_2	1843.9967077785152	3611.62552107636	1.8515957024476657	1.9800549844819715
adyghe_d45	ħisap_3	2652.951656170741	4246.919677758576	1.2374705947162112	-0.08781612924277793
adyghe_d45	ħisap_cf	3099.1954204179774	4518.5746471795155	1.0596650300339252	-0.4958762671834478
adyghe_d46	qjəsədzjə_1	3828.3114865218636	4668.015922569496	0.602383703213208	-1.3264424408548496
adyghe_d46	qjəsədzjə_2	3554.5805730245984	4687.6722910437875	0.7515506846838325	-1.1362447003440066
adyghe_d46	qjəsədzjə_3	6129.6122455057575	4714.612551091337	-0.24354556936326446	-1.4946855800735166
adyghe_d46	qjəsədzjə_cf	3847.757583202343	4759.714497846838	0.6103570874351203	-1.3281089172425444
adyghe_d46	nəsɐ_1	6356.349735392904	4850.128494951546	-0.37760940164074697	-1.6222466805593374
adyghe_d46	nəsɐ_2	4829.542704198731	4445.369801022454	0.09560178743975879	-1.5616486506833047
adyghe_d46	nəsɐ_3	3018.2329227226387	4268.862472309408	0.9466628642282662	-0.7275318535069304
adyghe_d46	nəsɐ_cf	2903.5626831741088	3970.291017927666	0.8988115746539749	-0.7351088516978437
adyghe_d46	sabəjə_1	742.0873203432102	2640.212883641862	3.64636621139795	11.76814984177237
adyghe_d46	sabəjə_2	1761.6662733541523	3865.060637203279	1.918261427960482	1.900795845145355
adyghe_d46	sabəjə_3	8433.482356983282	5189.782890385871	-0.7434161151695392	-1.0155528598593122
adyghe_d46	sabəjə_cf	9612.390048984125	2965.288691147368	-1.5360615378562557	3.119127264565199
adyghe_d46	sabəj_1	8620.612059011972	2251.5235236339417	-0.47962862734143524	2.767413643743775
adyghe_d46	sabəj_2	8627.569665700676	2778.50403832676	-0.8386039736507144	1.8488930917415844
adyghe_d46	sabəj_3	9026.712674840506	3020.452003535361	-1.0469474495692694	1.796173983455179
adyghe_d46	sabəj_cf	8659.77167664419	2205.6680434961795	-0.4630090932882477	2.426251459402482
adyghe_d46	sapɐ_1	9308.250624068642	2909.718071110053	-1.4475541796008848	3.0972618052025807
adyghe_d46	sapɐ_2	8630.110872215999	3172.343162940699	-0.8182481117703367	1.5273976532939297
adyghe_d46	sapɐ_3	8455.00950963989	3447.1863318772553	-0.4117239443712187	0.6159699056332206
adyghe_d46	sapɐ_cf	7103.189833574933	2947.1973809206343	-0.23335555885569784	2.5261779963543596
adyghe_d46	səʒɐ_1	7493.062287340439	2954.2421054547585	-1.3058540295009524	1.5749137343046717
adyghe_d46	səʒɐ_2	7561.866678551654	3192.0431988605433	-1.2926111739826	1.214628437869461
adyghe_d46	səʒɐ_3	8500.421857806628	2991.7605114877574	-1.1618726589964015	2.311989904579212
adyghe_d46	səʒɐ_cf	7582.931822438754	3102.189300027251	-0.8638177902359224	1.0374451685714252
adyghe_d46	sɐχɐ_1	10018.895746007682	3216.421845345846	-1.1561597558142849	2.1583880172640484
adyghe_d46	sɐχɐ_2	10118.850788934149	2997.837920441518	-1.5236742178499558	3.1056382966632174
adyghe_d46	sɐχɐ_3	9827.898264212501	2843.3820627447903	-1.9366705180089436	4.3278863765325974
adyghe_d46	sɐχɐ_cf	8840.70702339324	3128.516503084985	-1.366497032549865	2.247646526840991
adyghe_d46	sɐŝ'ə_1	8292.890445697009	3027.8310126542033	-0.4797659363047385	1.1659010185534608
adyghe_d46	sɐŝ'ə_2	7453.35772858354	3379.8343340070523	-0.3351276490174852	0.4566502807873203
adyghe_d46	sɐŝ'ə_3	8031.38114891494	3591.4887867335474	-0.5056239377653368	0.21552356110820403
adyghe_d46	sɐŝ'ə_cf	8051.603241460209	3560.7127068391815	-0.4340176564109368	0.4014920986863233
adyghe_d46	sɐɕɐ_1	7971.486951776099	3416.7590274067957	-0.06388541399912631	0.6855673109388372
adyghe_d46	sɐɕɐ_2	7913.974076134418	3058.2768902856365	-0.3504043529643939	1.1582313219822664
adyghe_d46	sɐɕɐ_3	7332.631993355841	4593.081586343326	-0.25393198422669544	-0.8186043318778315
adyghe_d46	sɐɕɐ_cf	7097.774863191264	4052.8686504756206	-0.5151784409181236	-0.47486189699979686
adyghe_d46	ħisap_1	4066.343289987816	4839.204828173599	0.5630535393593159	-1.3473585002158477
adyghe_d46	ħisap_2	1994.7602358367353	3660.2642838598804	1.5700396598155737	0.8899847113239119
adyghe_d46	ħisap_3	2600.230013085422	4267.082407050221	1.2182974480651712	-0.2816775477983584
adyghe_d46	ħisap_cf	4797.492902598528	4837.832537200988	0.21954681978388996	-1.627626073769206
adyghe_d48	qjəsədzjə_1	2334.8209046038983	4264.722016875563	1.4931505492024313	0.5596222385552698
adyghe_d48	qjəsədzjə_2	6442.492180812594	5055.839740864996	-0.3160907533270523	-1.6073403355518907
adyghe_d48	qjəsədzjə_3	7080.348041746081	5116.910739778858	-0.48842918971764343	-1.4383869971492704
adyghe_d48	qjəsədzjə_cf	8094.932763584521	5104.8535870804635	-0.8109880966377129	-1.1443286935653778
adyghe_d48	nəsɐ_1	3851.0592147072307	4772.396239748438	0.7385342887892951	-0.7851184408306464
adyghe_d48	nəsɐ_2	2515.8557649428203	4135.530229408404	1.3044009660600768	0.3195510513524078
adyghe_d48	nəsɐ_3	4774.1323177977365	4623.5331374721645	0.12768182329832967	-1.5656314130722286
adyghe_d48	nəsɐ_cf	2541.9403180742615	4246.578055688369	1.3151591207888276	0.13593483965350606
adyghe_d48	sabəjə_1	9640.718427192014	4014.502766276537	-1.4905808625247476	1.248715564420265
adyghe_d48	sabəjə_2	10891.666712664184	2583.1299021867762	-2.344687165515431	7.842413722146446
adyghe_d48	sabəjə_3	9303.76839251251	3625.50779033461	-1.750007144772528	2.0162544838047713
adyghe_d48	sabəjə_cf	3386.2352760038984	4910.641991730049	0.9247541596330249	-1.0348074392805313
adyghe_d48	sabəj_1	9017.639714677995	3548.595528591178	-0.7745008767187531	0.5876860336582026
adyghe_d48	sabəj_2	9071.288490236093	3010.052660724011	-0.7106142684104871	1.5552285447083456
adyghe_d48	sabəj_3	7975.647500467184	2448.1929923929965	-0.06023276066272428	1.3820210670535351
adyghe_d48	sabəj_cf	5260.488326308788	4751.6858345709215	0.17322066613891296	-1.296002321624091
adyghe_d48	sapɐ_1	8682.343400812017	3029.493361009466	-0.2830034824765386	2.2740016587431935
adyghe_d48	sapɐ_2	8935.58666699999	2053.1760052345817	-0.42176870349480977	7.575414184742629
adyghe_d48	sapɐ_3	8368.085373054566	2455.181265479587	0.9772491333589998	5.133505455787713
adyghe_d48	sapɐ_cf	7736.171288242908	3760.6040749630693	-0.7247515005877968	0.35552040273025165
adyghe_d48	səʒɐ_1	11106.256028091206	2261.0134421747675	-2.9911880888664917	12.417460007576052
adyghe_d48	səʒɐ_2	11115.297103716686	2006.3637789159898	-0.9344967241860638	3.0503286943332437
adyghe_d48	səʒɐ_3	10327.311986056526	2336.6828783763613	-0.23123186598933546	0.9958372959859036
adyghe_d48	səʒɐ_cf	9433.638363125912	1976.2683776551983	-0.6777327433789078	3.3654054844209123
adyghe_d48	sɐχɐ_1	8683.606082202214	1378.6774182490835	-0.4976279385753342	9.285729416796714
adyghe_d48	sɐχɐ_2	7904.176417773329	2998.874570472399	-0.6138836585485443	1.1168972047575165
adyghe_d48	sɐχɐ_3	4420.824388369247	5374.460587825423	0.5500351950597545	-1.5182512770881662
adyghe_d48	sɐχɐ_cf	11242.655162218878	2787.124813444347	-1.7470069820128085	5.286523111532068
adyghe_d48	sɐŝ'ə_1	10593.74408987551	2712.0081551324183	-1.7607378970026253	4.847143595958549
adyghe_d48	sɐŝ'ə_2	10723.974187101938	2728.9040850117462	-2.415063334573911	6.539967706361997
adyghe_d48	sɐŝ'ə_3	10146.177591719814	3472.4310099561476	-0.5166289630977444	1.7421673513568132
adyghe_d48	sɐŝ'ə_cf	8908.492441747443	4292.714616961305	-0.48475483034908295	-0.29992954496814583
adyghe_d48	sɐɕɐ_1	10886.921087213579	3584.8621219577276	-1.3033515288644395	1.9588574539828532
adyghe_d48	sɐɕɐ_2	6078.794304435979	5060.549366106019	0.1965906900815933	-1.06338520528538
adyghe_d48	sɐɕɐ_3	9527.773357584249	4160.455118623535	-1.4432452829168851	0.8159783850838251
adyghe_d48	sɐɕɐ_cf	10188.995603722458	3968.6876350021635	-1.7217868952054773	1.8432619200674116
adyghe_d48	ħisap_1	9384.396737079956	4227.018770011129	-1.3593062548798363	0.6177462645055041
adyghe_d48	ħisap_2	6512.832606608211	5295.1313313412775	-0.22876611598565344	-1.6992450949620947
adyghe_d49	nəsɐ_1	4862.4539927586675	4309.425168717823	0.11683943479573851	-1.3736467589531312
adyghe_d49	nəsɐ_2	5742.197449076909	4418.083444695577	-0.16302845384837528	-1.408811750648701
adyghe_d49	nəsɐ_3	5030.284171282433	4591.4207275365125	0.04361205454057297	-1.6784321808805513
adyghe_d49	nəsɐ_cf	7268.731250711604	3524.6126777016616	-0.8692442047028165	0.42670323999761495
adyghe_d49	sanɐ_1	8134.330078910363	3228.450078215555	-0.8215453107444755	1.3722018020641613
adyghe_d49	sanɐ_2	7462.613859241906	3616.2196322046734	-0.46764450161615384	0.4235175494163128
adyghe_d49	sanɐ_3	6952.691529770833	3857.8601912071235	-0.5473074551666666	-0.2637709805726436
adyghe_d49	sanɐ_cf	7335.411543567938	4144.223584461129	-0.6022160946440339	-0.5260670981917612
adyghe_d49	sɐhat_1	6869.378873022226	3896.6468946488567	-0.7821964917316919	-0.7008977224920447
adyghe_d49	sɐhat_2	6163.103951118595	4105.1406201990985	-0.3514521463480922	-1.096860195171854
adyghe_d49	sɐhat_3	7928.817792317589	3286.7618302944757	-1.328903124240673	1.1653159920280736
adyghe_d49	sɐhat_cf	6735.277099868234	4374.514299261817	-0.4161083825091846	-1.003813352122002
adyghe_d49	səʒɐ_1	8146.198655680608	3616.843949178263	-0.929239656919887	0.4423245755050691
adyghe_d49	səʒɐ_2	5537.685134106726	4231.422279227277	0.005876448648267358	-1.1769190562236975
adyghe_d49	səʒɐ_3	6815.1745261009755	3971.665247455741	-0.2576409016899527	-0.7071611503592914
adyghe_d49	səʒɐ_cf	5215.0165961964085	4558.64366005737	0.0980279142641281	-1.4403771430547643
adyghe_d49	wɐsə_1	6491.808746880371	4304.823284748833	-0.40084117895273924	-0.9678820453900214
adyghe_d49	wɐsə_2	6775.139752049407	4401.591353022897	-0.45362436837355397	-1.0054863443034114
adyghe_d49	wɐsə_3	6490.572311363515	4498.011347343517	-0.3665107759994362	-1.2054020034353743
adyghe_d49	wɐsə_cf	7818.383696995027	3849.510541533892	-0.7223621577434417	0.14741770244643382
adyghe_d50	nəsɐ_1	8486.269738485285	4116.232465537304	-0.9323495472080645	0.04544175193300859
adyghe_d50	nəsɐ_2	9270.810211498392	3292.1840950767587	-1.092532933742777	1.6727047342110604
adyghe_d50	nəsɐ_3	10420.759349562322	2280.277062586321	-1.2696123549709957	4.29254387307229
adyghe_d50	nəsɐ_cf	10293.367825575308	2930.0104248130406	-1.110296725831728	1.776840683633437
adyghe_d50	wɐsə_1	7839.323365314229	3671.32521370848	-0.6173942982275997	0.29908477675944667
adyghe_d50	wɐsə_2	7954.536375648577	3576.5030800414565	-0.5915494491785842	0.39128834618004094
adyghe_d50	wɐsə_3	8176.700061362436	3649.4098092501645	-1.1181728753470261	0.5696569591564957
adyghe_d50	wɐsə_cf	8638.919310848536	2833.9229568119536	-0.8797971606514006	1.826170139475126
adyghe_d50	sanɐ_1	9768.039124009942	2333.636298244801	-0.15756711735619816	2.8329519450583893
adyghe_d50	sanɐ_2	9022.642024354629	3047.612077836637	-0.8897949248099727	2.1361502904908365
adyghe_d50	sanɐ_3	9696.626773607388	2467.186839455442	-1.1573800120724553	4.239020462723057
adyghe_d50	sanɐ_cf	9492.346393398138	2612.2970020570433	-1.0721435721872867	3.1080025767337363
adyghe_d50	səʒɐ_1	10479.897174023912	2804.121092798438	-0.6345753463996278	0.2194059692321253
adyghe_d50	səʒɐ_2	9738.33962842408	2650.543502709045	-0.42161361349219206	0.5319080061871744
adyghe_d50	səʒɐ_3	9740.17316186878	2673.8332420833685	-0.40449215052074355	0.5107291478539708
adyghe_d50	səʒɐ_cf	9678.970606813422	2250.418194199381	-0.2888776592034988	1.0155211068545729
adyghe_d50	səħat_1	10037.677510356545	2642.050868918143	-0.6426632569086089	3.0301172733702213
adyghe_d50	səħat_2	9485.263260559552	2758.4427467280634	-0.8975770758871765	2.5795531995871457
adyghe_d50	səħat_3	9386.678423598853	2702.599977792017	-1.0666145068979014	2.883544533025381
adyghe_d50	səħat_cf	9128.874771959778	3758.029069740277	-1.1086044901171734	0.9488240530677969
chukchi_d17	nəsasaqen_1	5003.255264834301	2503.5513850422512	0.3309078316409939	0.8095900870759878
chukchi_d17	nəsasaqen2_1	3938.64572282493	3644.640704272741	0.3977544307142169	-1.2404159110163808
chukchi_d17	nəsasaqen_2	4043.7249636860356	3574.833392235399	0.2885979615327313	-1.2882385606499989
chukchi_d17	nəsasaqen2_2	3818.6786850669605	3103.665327804208	0.23599371006779757	-1.0819713275283465
chukchi_d17_saikok	sajkok_1	4122.822004555878	2217.874217853727	0.7860252768323726	1.9662457393116668
chukchi_d17_saikok	sajkok_2	2171.030183982915	2157.4900464674356	1.511325837726787	2.899432653554605
chukchi_d19	nəsasaqen_1	4996.728062848059	2558.1416451997384	-0.587182085729053	0.2686482768919123
chukchi_d19	nəsasaqen2_1	4104.880668216859	2748.0754981781765	-0.23012205013430767	-1.009600501068642
chukchi_d19	nəsasaqen_2	5642.3786910660965	3213.655769121617	-0.4226459806586806	-0.41714285339300794
chukchi_d19	nəsasaqen2_2	2688.907648070705	2970.3130208805333	0.6733143916133909	-0.9370618388241856
chukchi_d19	nəsasaqen_3	4661.033704681433	3532.154592642241	-0.1528263392302564	-1.2640286286510432
chukchi_d19	nəsasaqen2_3	5360.448125996683	2436.274865462027	-0.8005649172781736	0.5808992094337646
chukchi_d19	nəsasaqen_4	5229.71836498847	2971.248839827451	-0.6224121884620669	-0.5232691578118023
chukchi_d19	nəsasaqen2_4	3373.6651356269554	3104.0913524914304	0.1708078775784105	-1.4531726421211302
chukchi_d19	nəsasaqen_5	5074.3558548130695	2438.067752453193	-0.977515826472982	0.4480403739502403
chukchi_d19	nəsasaqen2_5	4836.077425763096	2303.7394076903206	-0.8404944245302319	0.42769820699247374
chukchi_d19	nəsasaqen_6	5363.776882777348	3029.4074418735177	-0.6962663811928631	-0.5003663544816481
chukchi_d19	nəsasaqen2_6	4287.475751950291	2743.4733329120354	-0.4460846865787874	-0.8284479335445218
chukchi_d19_saikok	sajkok_1	7439.904773656311	2778.3393502645044	-0.6112252658827904	-0.08394471850309992
chukchi_d19_saikok	sajkok_2	7011.867730573917	2111.436868069214	-0.2876600923207572	1.1613316269163345
chukchi_d19_saikok	sajkok_3	5159.85293022742	2304.4438960889925	-0.6840958786325017	0.87339142702564
chukchi_d19_saikok	sajkok_4	5748.9481037370815	1592.5574482397856	-0.18121324887529794	4.5308888028884695
chukchi_d19_trasajoskewʔəm	trasajoskewʔəm	616.3870994327859	2186.8573687782223	4.364673016460738	18.65548940884469
chukchi_d20	nəsasaqen_1	7329.713462454915	3453.1093344593905	-1.241490935036026	0.3384725567651672
chukchi_d20	nəsasaqen2_1	5163.04885410381	4055.2570494841775	-0.16464163935599366	-1.7921227007855707
chukchi_d20	nəsasaqen_2	7746.907243166132	2822.827675210604	-2.036865367580521	2.9279254281090354
chukchi_d20	nəsasaqen2_2	6876.501944087026	3350.645519917104	-1.1330067716773171	-0.15829026692636905
chukchi_d20	nəsasaqen_3	8829.356064298961	1789.268038616124	-3.6504699801774483	15.062858127996044
chukchi_d20	nəsasaqen2_3	8438.12225193818	2265.8621644407663	-2.848097468893313	7.435615846477086
chukchi_d20	nəsasaqen_4	6056.190933668322	4327.05749677466	-0.4778388682280353	-1.5026621094127122
chukchi_d20	nəsasaqen2_4	7502.173543752602	2768.974474326734	-1.8285421002972575	2.25415229209099
chukchi_d20_saikok	sajkok_1	7876.313208096836	1935.1661891556023	-2.6530378202046623	8.307476443802454
chukchi_d20_saikok	sajkok_2	8666.504164120664	1463.1662074540852	-2.54579011671864	12.13678381114205
chukchi_d20_saikok	sajkok_3	7842.888851610557	1312.9025673734745	-2.1515938019860434	11.512868122950437
chukchi_d20_saikok	sajkok_4	8131.785003881064	1681.032318354806	-2.7074531812941074	10.211078726462615
chukchi_d21	nəsasaqen_1	8306.934407526274	1939.7935961297067	-1.915788174634486	6.5397422883838505
chukchi_d21	nəsasaqen2_1	5199.181218790958	4093.462130651577	-0.019032123281168285	-1.6280066620941736
chukchi_d21	nəsasaqen_2	8721.737027504594	1949.6151767026413	-2.8816928097284884	10.207235338405095
chukchi_d21	nəsasaqen2_2	8008.311755266205	2711.084883826913	-1.4549099815121147	2.1619328485326106
chukchi_d21	nəsasaqen_3	8354.51694083662	1446.0831694591575	-3.1609039287837892	15.32980243679799
chukchi_d21	nəsasaqen2_3	7195.275892013358	2877.235677971428	-1.4076967386170525	1.077423403268103
chukchi_d21_saikok	sajkok_1	5370.005077231827	3169.2386206504357	-0.462131926848003	-0.6943618573706387
chukchi_d21_saikok	sajkok_2	7392.089576411408	2750.6430147178157	-1.2552997086032198	1.5209523998645826
chukchi_d21_saikok	sajkok_3	6729.1953091596815	2170.1412780059045	-0.5045263474990302	3.496135172732381
chukchi_d21_saikok	sajkok_4	8714.50218581965	2711.8769419402684	-1.1313015109697824	1.029121069467128
chukchi_d22	nəsasaqen_1	7767.51672190979	4478.74219773722	-0.6320355741014081	-0.48787327719827234
chukchi_d22	nəsasaqen2_1	7634.837681880179	4739.844363713729	-0.3686678931311624	-0.8032722601004867
chukchi_d22	nəsasaqen_2	6297.955560134671	3949.680827229714	-0.6604375618426406	-0.8450048978488698
chukchi_d22	nəsasaqen2_2	10514.891832469466	3691.937215235037	-1.22085397942497	1.7482380021950776
chukchi_d22	nəsasaqen_3	10082.797704032408	4322.792946420433	-1.161833522977299	0.7794647238141681
chukchi_d22	nəsasaqen2_3	9138.148213007227	3624.9718925608086	-0.9727502598644966	0.7163481284976458
chukchi_d22	nəsasaqen_4	4879.433106380242	4980.418574968359	0.35832159026348936	-1.2390666218096777
chukchi_d22	nəsasaqen2_4	9197.091211527817	4095.140185019165	-0.9124739576949998	0.2905285573886398
kabardian_d1_сэ_я	sɐ_1	8578.583803773618	2938.530860196229	-0.8962971467331183	1.694426271981479
kabardian_d1_сэ_я	sɐ_2	7059.5838556841	3891.8432967144076	-0.7061623117592837	-0.3926813533042681
kabardian_d1_сэ_я	sɐ_3	8070.559616454867	2952.8490946416932	-0.8533842903364165	1.6356692645244886
kabardian_d1_сэ_я	sɐ_cf	7824.318011176329	3018.2809056600427	-0.8317337072331298	1.5080787972315415
kabardian_d2_сэ_я	sɐ_1	9634.52644454448	1789.5925251093033	-0.36796542588847025	0.7249679209691666
kabardian_d2_сэ_я	sɐ_2	9058.742339467115	1591.5709359799419	0.31745535181725004	3.916060369509596
kabardian_d2_сэ_я	sɐ_3	9828.90439996176	1989.9922161454738	-0.81751013546828	1.5016930893039255
kabardian_d2_сэ_я	sɐ_cf	10036.781018191889	1800.486237130883	-0.49115256750818664	3.1502185429200464
kabardian_d3_сэ_я	sɐ_1	8693.82483387941	1771.8988547739573	-0.09602440387918897	3.4076338026978314
kabardian_d3_сэ_я	sɐ_2	9027.111391689125	2022.1683820498204	-0.1313525703145132	2.778724671615647
kabardian_d3_сэ_я	sɐ_3	8575.092531255797	2292.9490825648295	-0.4905212135482686	3.3553381411744265
kabardian_d3_сэ_я	sɐ_cf	9003.288137989166	2401.7794451274963	-0.8474377017961051	2.872094252049041
kabardian_d4_сэ_я	sɐ_1	9212.769434127316	2179.0470699157468	-0.5288790466159285	0.9699499788341894
kabardian_d4_сэ_я	sɐ_2	9590.189518540306	2212.9446899084455	-1.1162726692239016	2.026145999958068
kabardian_d4_сэ_я	sɐ_3	9112.171311036303	2153.6745367019907	-0.5505302953546581	0.6154764204332221
kabardian_d4_сэ_я	sɐ_cf	9444.661045531091	2293.2395288888965	-0.5405762317037045	0.485695706595509
kabardian_d5_сэ_я	sɐ_1	7486.00875951743	2068.3416565894618	-0.1423260362797694	2.9539838898258113
kabardian_d5_сэ_я	sɐ_2	7118.019577034558	2316.3182225768096	-0.05646903149487609	1.768034972903191
kabardian_d5_сэ_я	sɐ_3	6786.482576362175	2449.7808026942744	-0.6036853520497172	1.8326503395053395
kabardian_d5_сэ_я	sɐ_cf	7225.243237607528	1972.3652062256049	-0.43320344881127376	3.6844162060965173
nanai_d10_giasa	giasa_1	5832.335058990143	2223.4703768258787	-0.7293106879930414	3.608851361361685
nanai_d10_giasa	giasa_2	6052.225172868709	1848.8406107641465	-0.44412049973816536	6.476415165621633
nanai_d10_giasa	giasa_3	6007.989651563377	2053.4865104106457	-1.1432471478284567	4.729222326422741
nanai_d10_sajna	sajna_1	6029.842583176827	2663.406672100735	-0.82939635665743	1.6596111818957135
nanai_d10_sajna	sajna_2	6062.715183518522	2242.3255799820504	-1.454100992908189	2.6943959613501045
nanai_d10_sajna	sajna_3	5398.828575880789	2559.171252600296	-0.9801674583146095	0.7705906708926484
nanai_d11_giasa	giasa_1	3106.7091301155338	3550.045704316281	0.6127977925430317	-1.2836306855831459
nanai_d11_giasa	giasa_2	1139.4962167480655	2324.235884284164	2.550460601386768	5.535614087429353
nanai_d11_giasa	giasa_3	1827.162020857818	3178.4579249810745	1.6441541017142571	1.353934570420555
nanai_d11_sajna	sajna_1	4398.554184780977	4124.443388452403	0.04909797189953114	-1.6240416334213916
nanai_d11_sajna	sajna_2	3861.0513194143164	4178.444730288864	0.36535872926309565	-1.4214539611176833
nanai_d11_sajna	sajna_3	2402.9054482228203	3863.1319287495653	1.3161643186047143	0.26253694414519435
nanai_d13_giasa	giasa_1	2808.7410760683783	2644.7561986421224	0.3230456616725971	-0.568731006265029
nanai_d13_giasa	giasa_2	2855.7779062949894	3060.3596118748987	0.7635746894430369	0.008203247315461404
nanai_d13_giasa	giasa_3	3574.2359664752644	2788.5354809535042	0.0908073413998314	-0.3652926809319461
nanai_d13_sajna	sajna_1	5241.695280165606	1678.338627696202	0.12531878456830553	7.040343764430634
nanai_d13_sajna	sajna_2	5162.391081423832	1807.3333079418878	-0.19104878369974315	5.930531075483794
nanai_d13_sajna	sajna_3	4840.641732779422	2103.3238728455954	-0.43518734215454025	3.1651476073585734
nanai_d14_giasa	giasa_1	6104.805359446375	2019.1864742892294	-0.20470098240571305	6.423244544145723
nanai_d14_giasa	giasa_2	6170.472685355856	2821.6230612837653	-0.1680383256217104	2.3582984753810914
nanai_d14_giasa	giasa_3	5742.955252527153	2016.231944732498	0.1776855123851436	6.146177603481771
nanai_d14_sain	sain_1	6503.991719303343	1835.727470219291	-0.09620103563141205	7.872777669040122
nanai_d14_sain	sain_2	6303.078660992549	2352.6274045285954	-0.6638399460671255	3.4945306119737642
nanai_d14_sain	sain_3	6289.55796754761	1677.2902934398148	-1.0137334006628604	8.085937868457535
nanai_d14_sajna	sajna_1	6567.8173883125155	2723.7349069876254	-0.20122115313715816	2.8909478582701498
nanai_d14_sajna	sajna_2	6342.12312942174	2385.918642935598	0.1491377486828275	4.823766870559141
nanai_d14_sajna	sajna_3	5710.334038004163	2591.0232424092424	-0.5670500546182388	2.0342624518521104
nanai_d15_giasa	giasa_1	6951.132962469391	4363.729989571522	-0.47678471597258104	-1.1627573496378114
nanai_d15_giasa	giasa_2	7364.9101019387845	4580.980981940352	-0.6262014200015316	-1.2254325451347967
nanai_d15_giasa	giasa_3	5327.287112888062	4779.802925883688	0.14298518916690364	-1.588604282261077
nanai_d15_sain	sain_1	7706.179681551802	2053.1780307695512	-0.9888390514832118	2.6478673936246055
nanai_d15_sain	sain_2	7680.343195090434	2425.1043746331925	-0.8766346736202396	1.4690282258804466
nanai_d15_sajna	sajna_1	1408.0576915108647	2871.3444304039613	1.9824323507592492	3.0030014033820525
nanai_d15_sajna	sajna_2	6179.611641316661	3476.42067188667	-0.14927896624373369	-0.15232585383246056
nanai_d15_sajna	sajna_3	3884.590446413261	3418.4565782265327	0.6512440704620459	-0.3165423461598085
nanai_d16_giasa	giasa_1	2370.4787325010093	3195.4457358532	1.9187553515829017	5.17073668157189
nanai_d16_giasa	giasa_2	1329.8686438009174	2491.848357295332	2.5274018491689194	7.917528472881006
nanai_d16_giasa	giasa_3	2156.741551579055	3034.00980112662	1.3066230923078317	1.5371081852164226
nanai_d16_saji	saji_1	5146.369913797398	3997.707852931712	0.12416230839174064	-0.913923474541563
nanai_d16_saji	saji_2	558.0123436209316	1703.5315795603567	4.601279321421166	24.01061883746749
nanai_d16_saji	saji_3	628.7264549611108	1757.5845685146821	4.421245662818704	23.8009478187982
nanai_d16_sajna	sajna_1	5524.253774693338	4136.655160658688	0.4070734927550444	-0.7919915856839723
nanai_d16_sajna	sajna_2	4563.905303336259	4416.57937404706	0.8474708009236779	-0.5917418150149416
nanai_d16_sajna	sajna_3	5688.789006804044	4799.579617479013	0.37827473959844066	-1.1757145671705487
nanai_d16_sajrakta	sajrakta_1	2103.4070938628274	2790.312652458687	2.5873460356289857	9.372088452538753
nanai_d16_sajrakta	sajrakta_2	385.6062121673059	1270.0261954429207	7.7158543079156	84.49265048783202
nanai_d16_sajrakta	sajrakta_3	2686.6172183896606	2872.7661162219415	2.2887179361790135	9.486103866389973
russian_d23	санки_1	9174.170136690407	3797.701346328869	-0.07266194671001548	-0.03384624319062457
russian_d23	санки_2	8662.713699809688	3506.212934888655	-0.12418170432052578	0.3229611543715656
russian_d23	санки_3	8653.341941573037	3488.4626572638194	-0.01823087387807218	0.572857729244824
russian_d23	санки_cf	4212.112499658646	4204.432289333572	0.5232429706823072	-0.7744901304337595
russian_d23	саня_1	9242.905210202036	3380.2478738594305	-0.12854680900171825	0.9165500001696691
russian_d23	саня_2	7426.500363424082	3028.001163972812	0.30328828511746597	1.3161546357264005
russian_d23	саня_3	7711.215940209491	2467.714505501211	-0.2781876043662835	2.2000330777147044
russian_d23	саня_cf	6422.949851597152	3304.521433585437	-0.8827498544957505	0.022743034707567222
russian_d23	саша_1	8191.002498851568	2026.0303707543976	-0.5607506980271008	4.609001603943562
russian_d23	саша_2	8291.06234138103	2004.2483886075215	-0.5264155433109217	5.154876470608368
russian_d23	саша_3	8174.5978769110225	2368.3355703074103	-0.7159500812247093	3.3416453996788666
russian_d23	саша_cf	6628.236176504519	2790.8754497057366	-0.8984694603237127	1.1990472631113986
russian_d23	сад_1	8699.81212507531	2182.305758249293	-0.5153628852091064	3.9280716975809904
russian_d23	сад_2	7755.051700349653	3699.127511362022	0.16621233461457982	0.5503431086449133
russian_d23	сад_3	7539.073435026478	3087.6099987664343	-0.39765629805705177	1.278715460625576
russian_d23	сад_cf	6547.596545966117	3739.3913618535316	-0.17632247860407826	0.3029478315044516
russian_d23	посад_1	5983.7757077392	3064.9785904458527	0.5332133275746561	1.2466790580130898
russian_d23	посад_2	6987.482463155507	2735.688957144053	-0.5364372851358777	1.0528362606781752
russian_d23	посад_3	7387.850136150549	2476.8831276175556	-1.091420265190083	2.9933290516325863
russian_d23	посад_cf	5945.593484880505	3275.4856488587043	-0.4726507248327915	-0.24545171428639678
russian_d23	посадки_1	6176.904853965648	4224.5611558861665	-0.2016432161657402	-0.9354305421866758
russian_d23	посадки_2	6305.946970261291	3729.931298373735	-0.07722167463002469	-0.07838488707760627
russian_d23	посадки_3	7081.786438858707	3853.895995198422	-0.2016411698662311	0.08136183865317159
russian_d23	посадки_cf	4992.895293691612	4453.699150164219	0.39088904218634934	-0.841784136799649
russian_d23	колбаса_1	7492.322707510002	2292.769963339181	-0.35245497788692837	3.687821861231006
russian_d23	колбаса_2	7805.167156337015	2405.4966982458195	-0.2569303062423709	3.001338047981023
russian_d23	колбаса_3	7763.280616170815	2150.341289431714	-1.0411067667160536	3.77887450845611
russian_d23	колбаса_cf	7137.359169766825	2788.0899119959304	-1.018981405497466	1.537953495553543
russian_d23	сэндвич_1	8050.07253832904	1727.1327873893854	-0.29456923083710046	4.380697660519186
russian_d23	сэндвич_2	6453.259361275567	2107.591889206165	0.16241659152627205	1.346066546711377
russian_d23	сэндвич_3	6935.984462371434	2023.6085270812052	-0.4945421363419766	2.0472097266076803
russian_d23	сэндвич_cf	5661.493520248972	3306.5071122330196	0.13205783613351274	0.6336999228339257
russian_d23	глясе_1	6573.941963597287	2598.2493161273756	-0.5169042180478689	1.116351957697895
russian_d23	глясе_2	7240.573406785859	2073.327553207573	-0.6151194115020445	2.9181655330739336
russian_d23	глясе_3	6811.2065381996445	2697.216554790409	-0.6420964148262777	1.4007368150347341
russian_d23	глясе_cf	6561.2404569002465	2774.5127120013926	-0.6685395435569919	0.9932160131174035
russian_d23	сэконд-хэнд_1	6628.143092399356	2275.737357474315	-0.8101254848658745	2.0457543902144675
russian_d23	сэконд-хэнд_2	6857.918683985682	2558.177461575282	-0.18751905779846645	1.1561122632318535
russian_d23	сэконд-хэнд_3	6775.116836078018	3422.7230786505265	-0.3527656333450297	0.1124380581909521
russian_d23	сэконд-хэнд_cf	5969.377345199925	3601.296895543382	-0.17930449615478342	-0.3853044424583527
russian_d24	сахар_1	8488.83373803911	1718.0950312231923	-2.9819577931020937	13.788817273435491
russian_d24	сахар_cf	7928.759255367899	2209.9287350132495	-1.6027596854763242	5.047938580148024
russian_d24	санки_1	8113.8350976844395	1136.5201286008394	-2.8236186107178027	25.81354410751682
russian_d24	санки_2	7960.23543037833	2852.8075101534923	-0.9891265041535432	1.9963641326411041
russian_d24	санки_cf	8343.245580018845	2203.125801001879	-1.191992520959605	4.129811567674277
russian_d24	саша_1	8765.660026341622	978.6668314464025	-1.018737643490025	25.692016226924075
russian_d24	саша_2	8937.805780703064	2283.299028084993	-1.7681271977748019	5.604318955936073
russian_d24	саша_3	8231.01954299224	1419.555447160467	0.5713615364415111	8.59779670672486
russian_d24	саша_cf	8726.001577735235	2135.2300458979576	-0.2960489572571406	1.930253733935353
russian_d24	савва_1	8158.828678304818	1310.0179870520776	-0.23708419503411043	10.592577943549992
russian_d24	савва_2	8738.376585716967	3037.7629381534134	-0.7131168303248441	1.2076393097389895
russian_d24	савва_cf	8160.7129118828025	2738.3266467966473	-0.4334671213694338	1.6566416937514346
russian_d24	осанка_1	8063.375691587988	2609.0225227111405	-0.4566002168083784	1.6226381114899135
russian_d24	осанка_2	7444.924257183712	3121.352086669016	-0.3498713221961837	0.6711401140890492
russian_d24	осанка_3	7929.635171252281	3640.4052462477057	-0.45037995304901635	0.01983487192364386
russian_d24	осанка_cf	7111.143977408046	2492.0211278740912	-0.6595586985226028	1.9473036362930731
russian_d24	колбаса_1	5849.87369540655	4005.4373668850594	-0.3619197912168647	-1.123496795514944
russian_d24	колбаса_cf	7418.946233113724	1834.1553457746977	-0.2185314271828967	2.9620263163839153
russian_d24	коса_1	7029.820301270942	2172.6550657752427	-0.033014981962346986	4.457472733721364
russian_d24	коса_2	8099.1402421341345	1481.4065640013662	-2.105957584913491	13.69935873229938
russian_d24	коса_cf	7300.690426743383	2531.829466270019	-0.9569425212264777	2.904985918627034
russian_d24	сэндвич_1	7661.902713238828	2623.1385231227814	-1.1797808843950344	2.7569025413042985
russian_d24	сэндвич_2	7402.485074238209	3104.5016421130604	-0.9987516292687719	1.3039610341537893
russian_d24	сэндвич_3	7875.404716975571	2355.781519124496	-1.6534820389427878	4.25630539373301
russian_d24	сэндвич_cf	7941.336373526775	2936.627961954194	-1.3513193559887176	1.7333397688713532
russian_d24	сэр_1	8902.946478954007	1096.193199019308	-2.19855704973238	17.013180296688546
russian_d24	сэр_cf	8339.774070214013	1262.9426078754484	-0.5169064414950433	7.37941718706665
russian_d25	сахар_1	7899.910858900809	2080.7255712369656	-0.42862934211253656	2.702052210331482
russian_d25	сахар_2	7533.915320798712	2773.136147520573	0.17885054975759185	0.26258009937240345
russian_d25	сахар_3	7158.51382272611	2419.2086931788863	-0.08102791968345067	0.8354410997360495
russian_d25	сахар_cf	6242.609893887405	3497.7463874374066	-0.3254219608878087	-0.22864759898957976
russian_d25	санки_1	7594.8447279063	3058.374335336943	0.2921714228301304	1.1370495793977895
russian_d25	санки_2	6807.2090011130595	2793.4043497400894	0.6746561943863201	1.4628214014548746
russian_d25	санки_cf	8000.686698646995	3668.1745774498736	-0.1818322787228265	-0.04402186070265657
russian_d25	саша_1	7217.247963534175	2913.943803619809	0.11858660470711034	1.1728169315458734
russian_d25	саша_2	7805.221024447726	2911.1514313611347	0.2890438351970634	0.4483157890960019
russian_d25	саша_cf	7335.964789768951	3432.0395675453983	-0.08714745236253905	-0.18850837906873918
russian_d25	савва_1	7856.54548808859	3431.3166985409084	-0.28143580901533455	0.01641229914417286
russian_d25	осанка_1	6045.387186361405	3653.124171500033	0.026320169281661716	-0.43350335512686433
russian_d25	колбаса_cf	7035.112934854323	3754.0506901178496	-0.5411721343875201	-0.24672431181567012
russian_d25	коса_1	7327.277556467836	3046.9097879853102	0.16853853038947286	0.8959503260769988
russian_d25	коса_2	7941.0843698271365	2968.68593493208	-0.135299483058727	0.8364055413317466
russian_d25	коса_3	7172.76270468563	2508.421606349477	0.6048462562087603	1.2434815397081458
russian_d25	коса_cf	7384.43594965777	2869.8555423842313	0.006668286616020413	0.915879621711079
russian_d25	посад_1	7034.440936232147	2756.485193849714	-0.04064512953127262	1.426833624619034
russian_d25	посад_2	6569.140461693406	3829.6159139613865	-0.21415289900757806	-0.43493327411519545
russian_d25	посад_3	7753.436055293586	3072.6576214947568	-0.27824325983287956	0.610949911640768
russian_d25	сэндвич_1	7358.643265106243	2725.095740699373	-0.1552116332446423	1.7610796984918986
russian_d25	сэндвич_2	7540.343608446077	2774.0192004767737	0.18646201835053422	0.7420098301736147
russian_d25	сэндвич_3	7387.489673670016	2942.1986331150297	-0.15873020089969253	0.7983214401891989
russian_d25	сэндвич_cf	5790.317721902588	3533.996085552589	-0.08877425069002624	-0.2758244113003321
russian_d25	сэр_1	5697.080796615307	2936.314785222756	-0.24954232391920947	0.527684360624046
russian_d25	сэр_2	6803.071937351557	2757.050379952324	-0.16342774280106223	0.7052588122912327
russian_d25	сэр_3	7437.336555641076	2713.4127995841754	-0.2658272512714181	0.6689782852144854
russian_d25	сэр_cf	7135.969824396367	3148.1869262357823	-0.321233508191018	0.8022153211867158
russian_d27	санки_1	7849.074983532834	1654.1133476657326	0.23317778746615983	-0.49147629608658727
russian_d27	санки_2	6280.462681199736	1184.2571051570064	2.4220375380605614	7.493608782874128
russian_d27	санки_3	6699.101231288096	1487.835976645516	1.511932805808263	2.353436616004994
russian_d27	сани_1	6525.324184237688	1378.178729360334	1.2112616998253287	3.048858548291701
russian_d27	сани_2	6512.776140221361	1310.7950240258724	1.5055230863255282	3.683535992791205
russian_d27	сани_3	6416.615774189752	1412.267542127291	1.4606670761884273	3.0702614511870596
russian_d27	сани_cf	6826.254482721398	1643.8951430733612	0.8009337813809819	1.1318332566336
russian_d27	саня_1	6508.529475566849	1346.2341077841827	1.481966223343867	3.8696831640598015
russian_d27	саня_2	6698.221444314413	1546.335823067883	0.9423427811322616	1.8712254295418997
russian_d27	саня_3	6598.043734899993	1468.2665126702495	-0.334961018461245	5.689221411354399
russian_d27	саня_cf	7513.052069040047	1565.783823760607	0.2453513117437927	1.8574979194129622
russian_d27	саша_1	5655.447971370827	854.2723774710067	2.5007966083827866	22.333967646808663
russian_d27	саша_2	6940.14649050981	1652.2509089467403	0.8221726667478362	0.9280966948372829
russian_d27	саша_3	6555.056504067527	1663.7442539616518	0.8877154335522104	0.8209359183841785
russian_d27	саша_cf	6111.271155218866	1665.6282206559056	0.41135273017191915	2.9289807463370163
russian_d27	сахар_1	6156.760765630897	1278.3586236543283	0.5932545333462762	6.745795366834303
russian_d27	сахар_2	6679.879536796383	1731.8754048863473	0.5465695567822164	0.9955528664843061
russian_d27	сахар_3	6255.336363986761	1470.8367194198888	1.027494192393064	2.1169815123303577
russian_d27	сахар_cf	6627.58323282144	1700.6427206953424	0.014767822890444137	2.8335710414488027
russian_d27	савва_1	5841.17143087675	1627.3685837861997	0.07091123788141165	4.356791759136988
russian_d27	савва_2	6789.828671824002	1584.5241407465921	0.24339419738545226	1.5218120294771555
russian_d27	савва_3	6494.800265633447	1400.2702533302313	0.35841133253817303	4.053579027146406
russian_d27	савва_cf	6156.5457586320645	1900.2119496849227	-0.8019490209026425	3.900606025291512
russian_d27	сад_1	5965.534390852515	1155.18304161757	2.3898651567722555	8.706671676002577
russian_d27	сад_2	6238.696350145136	1351.5874636832912	1.12988625487172	3.8213592589355514
russian_d27	сад_3	6392.1747119589945	1222.3310006460083	1.5526419276429175	4.341708493886048
russian_d27	сад_cf	6517.367328411942	1543.5039456387474	0.016806518207707007	4.899341460784065
russian_d27	посад_1	6646.329558920009	1811.3326016050337	-0.13248173334300706	1.742068399725877
russian_d27	посад_2	7027.871851970603	1765.9650272185615	-0.0025431444508564015	1.5701334967196745
russian_d27	посад_3	6113.455127521127	1349.7082660528931	0.7235910566291712	4.05943451994316
russian_d27	посад_cf	6961.732393350931	1684.1486868794364	0.17587037489740026	0.800646819255562
russian_d27	посадки_1	6775.08582979157	1962.9607146045487	-0.4945660643061416	2.3534390422716234
russian_d27	посадки_2	7294.100790602556	1478.7775164627894	-0.6541011919990635	4.728445313866656
russian_d27	посадки_3	7177.668933618528	1486.2822286738256	-0.39838855290088715	3.732801012297485
russian_d27	посадки_cf	6691.885405830721	1705.8122224804083	-0.2764364368706167	2.070638845212657
russian_d27	осанка_1	7427.806405300779	1374.971033955492	-0.9650637199927572	5.980786115066136
russian_d27	осанка_2	6891.6399645799	1401.0143756495452	0.14532319032259963	2.1306169971788567
russian_d27	осанка_3	6550.236841954189	1515.7723510512217	-0.3930745262556009	3.7208866887231977
russian_d27	осанка_cf	6929.1709191859045	2020.8154452390852	-1.2170856149416462	3.360345076111087
russian_d27	коса_1	7015.430188731469	1414.7334336674498	0.025372877475673093	2.4170069132631316
russian_d27	коса_2	6507.6950510904335	1305.0600707908145	0.38992291186174	5.096190258899087
russian_d27	коса_3	7267.293380987465	1403.414651487691	-1.50829644077164	9.215356483884644
russian_d27	коса_cf	6907.349720587204	1484.2507298608075	-0.15461219053700803	4.225978393640143
russian_d27	волосы_1	6291.476364466641	1647.6060894623438	0.18242081666748236	3.4799380943768625
russian_d27	волосы_2	6577.086562027833	1687.5632268760753	-0.9203068080260841	5.819522485643558
russian_d27	волосы_3	6286.243460997623	1577.3055591337043	0.6817321122286978	2.4222855710680697
russian_d27	волосы_cf	5321.643148093865	2251.305556567023	-0.7175080785543837	1.5514523091208137
russian_d27	часа_1	6522.180644077182	1769.5718774160296	0.5211425300564696	1.4835212228899497
russian_d27	часа_2	6692.9306637187465	1843.8962768315778	-0.06572120440038925	2.050940773775614
russian_d27	часа_3	6520.275860316389	1565.6846546281504	0.3223202916441065	3.3848283462208206
russian_d27	часа_cf	6281.2139574680505	1493.3348150127329	0.8339167909399517	3.1994036529403287
russian_d27	колбаса_1	6768.546103110128	1397.1630711412051	-0.27536642905010067	5.206107197834667
russian_d27	сэндвич_1	5890.9236326318905	1058.5606270706967	1.5723295233082537	6.294914914780055
russian_d27	сэндвич_2	6680.364557446411	1614.5634433898924	0.042213845539125966	0.7142757472855754
russian_d27	сэндвич_3	6384.6649257066265	1608.0111798513753	0.33367376108246055	1.149408760479341
russian_d27	сэндвич_cf	6476.031509566312	1401.3933233966677	0.3805488806562851	4.764547395979273
russian_d27	сэконд-хэнд_1	6472.790677906416	1347.0004372620708	0.500926808399087	2.6299033094679096
russian_d27	сэконд-хэнд_2	5931.53557394326	1162.5692649711868	0.4191891080542726	8.268474272915094
russian_d27	сэконд-хэнд_3	6648.266399247697	1747.8408150202233	-0.06400732013198733	1.3287655304211574
russian_d27	сэконд-хэнд_cf	6539.726402488694	1667.475709784808	-0.8484255863331186	4.3337395127484335
russian_d27	сэр_1	6794.235696114155	1210.8164252643292	-0.11099256419063488	4.865439013255498
russian_d27	сэр_2	6663.376103443844	1279.5546437522912	0.02835286882811016	2.8672011763905303
russian_d27	сэр_3	6807.4850277806045	1280.820655078038	0.4146380362050955	2.8736358055346605
russian_d27	сэр_cf	7127.219759418538	1370.9244580872314	-1.1658339611394664	7.353838381625932
russian_d27	кофе-глясе_1	6551.338925143671	1994.2044453384917	-1.0555324080519122	3.0533558856811327
russian_d27	кофе-глясе_2	6406.419904012068	1490.6168093604622	-0.07620116816903125	2.7539688152839874
russian_d27	кофе-глясе_3	6557.584012688106	1469.7137490197786	-0.277075286469448	2.884350363462284
russian_d27	кофе-глясе_cf	6548.314926718659	1663.8697603961332	-0.9041529750518067	3.728707919260314
russian_d28	сахар_1	8549.858554140998	2075.0242978400715	-0.24841160306437945	0.9087748301604774
russian_d28	сахар_2	8697.994345997693	2497.983470719466	-0.332402502113775	0.4111554381597009
russian_d28	сахар_3	8753.98235597343	2480.2671062746954	0.14730645843766138	-0.017494949487883993
russian_d28	сахар_cf	9151.097201418219	2624.674031700583	-0.22241932122525718	-0.5129112466631129
russian_d28	санки_1	8468.89537232353	2409.034841897641	0.37851270921675356	-0.25344807838250816
russian_d28	санки_2	8817.169975390416	2663.619570191333	0.05210785122407716	-0.5251921724557778
russian_d28	санки_3	8436.64681469151	2756.9827609868094	0.1273341211898361	0.7430123711199332
russian_d28	санки_cf	8618.152097590651	2207.420574270774	0.18585971495699635	0.49020205834820896
russian_d28	саша_1	9393.871340243868	2401.946634955227	-0.8534515478851294	1.8747575231304605
russian_d28	саша_2	8128.265489358818	1757.7838842004314	-0.19879531224373617	2.285764960058664
russian_d28	саша_3	7976.411982221172	1741.0865672432983	0.15584070861084243	1.0618166329773828
russian_d28	саша_cf	8568.648087596426	1571.5623907931829	-0.2836528376990695	3.4114337691922527
russian_d28	савва_1	8656.805782068523	2232.893875778704	0.26043545650056465	0.5605392217655738
russian_d28	савва_2	8259.21653636793	1594.061083730557	-0.327158050810574	2.027542377706787
russian_d28	савва_3	7083.50214004108	1682.8598980779188	0.4244658218629376	2.8822011899552455
russian_d28	савва_cf	8204.685199032549	2106.6492759668286	0.3643152717159163	1.0581902484575902
russian_d28	осанка_1	10130.454842679817	3009.7201100265493	-1.4809356049583993	3.039859250553528
russian_d28	осанка_2	8443.280542752938	3200.001768194299	-0.6461224075375177	0.8952560679105441
russian_d28	осанка_3	8642.094425618952	2310.8482212344547	-0.19619607608551679	2.5195732049260444
russian_d28	осанка_cf	7825.710295182849	1833.1096941779447	0.3916825785870577	2.81904018195081
russian_d28	колбаса_1	8237.427215649936	1973.9697558997273	-0.98827860660055	4.792491688109472
russian_d28	колбаса_2	7643.902131899949	1878.690719839206	-0.03884715129003705	3.6185819236584056
russian_d28	колбаса_3	7268.789990831404	1587.330947311809	-0.25634519718145193	5.947534392071013
russian_d28	колбаса_cf	7633.08890515862	1462.7134125847115	-0.43463119608521006	6.740668911408436
russian_d28	коса_1	8884.612945306018	2279.0480869069847	-0.16697093611237868	2.3113881367741467
russian_d28	коса_2	7795.003577167423	1872.9830205161184	-0.39930812439685803	4.145535424681627
russian_d28	коса_3	8208.207181671045	1328.952607086754	-0.3687227549869913	7.125623314695233
russian_d28	коса_cf	7794.240447698217	1601.6672180433427	-0.4898668998037651	6.695055830449366
russian_d28	посад_1	7764.25982106649	2346.1072238046836	-0.3991084682809627	2.3632402010114593
russian_d28	посад_2	8895.497152804364	2542.48198200719	-0.982752361244077	2.796384539314266
russian_d28	посад_3	7320.348120052567	2103.4788409526977	0.3084153968542764	1.8870099590944447
russian_d28	посад_cf	7470.074965555734	2162.5997401254394	0.3476876352089588	0.4293342754643632
russian_d28	сэндвич_1	10058.421800308823	2572.1308448816353	-0.9461523822985889	2.873752446459484
russian_d28	сэндвич_2	9204.52129619533	1593.7139012108573	-0.9001268084538743	6.858526987804984
russian_d28	сэндвич_3	8017.707884429473	1994.8372791587144	0.32683274307463056	1.5249237657515682
russian_d28	сэндвич_cf	8558.730452132604	2187.7133821695124	-0.39468416039275345	2.890188610858975
russian_d28	сэр_1	8590.895143158321	3473.8375642550063	-0.5984785641224788	0.3458085438964802
russian_d28	сэр_2	7822.985659472051	2002.573514248667	0.4922822254009356	2.1827504244928484
russian_d28	сэр_3	9224.47334221038	2031.1312980781433	-0.23582739764467553	1.5466585853234047
russian_d28	сэр_cf	8611.595099993032	1763.0018571526	-0.1414473821075109	1.6948072551909839
russian_d28	глясе_1	7480.645606884241	1985.9458579807322	0.41007063322448717	0.7711679931481892
russian_d28	глясе_2	7719.234759435669	1968.0929147165004	0.25374327963889337	0.7555873040445222
russian_d28	глясе_3	6424.427608818066	1924.4610151621077	1.0290440113905635	2.137971224548499
russian_d28	глясе_cf	6912.14253448187	1891.8261424516495	0.8362856579741504	1.916518805246179
russian_d29_2	санки_1	8149.257353243453	1916.7182283542918	-1.2347492020091089	6.081807145247378
russian_d29_2	санки_2	7163.746547123118	2300.9417552827376	-1.9900608755779345	4.0886698857448485
russian_d29_2	санки_3	8630.440366799461	1857.8214207671617	-1.6334308444875987	6.20526519402236
russian_d29_2	санки_cf	8125.0913447605235	2360.0094486887656	-2.0422187425851406	5.410361891189405
russian_d29_2	саня_1	8471.485288656477	2051.45016773152	-0.4211976848335165	3.527575598015595
russian_d29_2	саня_2	8110.964054420204	2433.094522833623	-1.1502770381641843	4.206526960068077
russian_d29_2	саня_3	8408.531872739211	1957.4272991982202	-0.5370274121351919	6.0930850129346865
russian_d29_2	саня_cf	6036.804614663899	3642.4344290560944	-0.8513394704169363	-0.7963127334606415
russian_d29_2	саша_1	8164.305833737372	1843.778431519209	-0.36057427796080205	6.250370383466329
russian_d29_2	саша_2	8893.76993034755	2219.3503761799407	-1.0874602628232144	4.524250476757775
russian_d29_2	саша_3	7888.828747364394	2689.310193883146	-1.1817346148174748	3.0577333143451746
russian_d29_2	саша_cf	7088.734001128897	3065.6778141344203	-1.2604005601861343	1.2982421882466824
russian_d29_2	сад_1	8413.060827418316	2062.051999151649	-0.19089025695562734	4.0703227015750905
russian_d29_2	сад_2	8089.757081712291	1608.7707506664472	-0.5942826812854127	8.698583543300325
russian_d29_2	сад_3	9126.552291989039	2191.230853686396	0.1515863717521606	1.5545071948276084
russian_d29_2	сад_cf	8141.646975020167	2597.4179627956064	-1.431237895732739	3.617975468383526
russian_d29_2	посад_1	6734.029064611707	3408.9195749152373	-0.6380501988848079	0.0917908091657762
russian_d29_2	посад_2	6557.101464767121	4137.594877794658	-0.4391966369076729	-0.9029571606250979
russian_d29_2	посад_3	6727.153178978459	3514.9549307721313	-0.675737966344565	-0.06703364016692426
russian_d29_2	посад_cf	6104.286851808559	3446.618395733685	-0.47943857942188217	-0.1860695205967704
russian_d29_2	посадки_1	7374.740025549813	3408.913393339582	-0.8550687491820241	0.42372282547310425
russian_d29_2	посадки_2	6433.456636879208	3665.0324762318255	-0.8026404666790903	-0.5415821390810467
russian_d29_2	посадки_3	5759.840308465782	3960.1931494313126	-0.3096070634368319	-1.0247194497933985
russian_d29_2	посадки_cf	6188.948511414175	4096.183530376239	-0.47186648998290687	-1.0854729007225064
russian_d29_2	колбаса_1	8416.473974276038	3331.933693140503	-1.351450287675829	1.4945469248857401
russian_d29_2	колбаса_2	8724.315695885109	3034.8177163074515	-1.1059986940691955	1.8610042720676372
russian_d29_2	колбаса_3	7687.2034714982	2896.6038195629503	-1.4320604267390913	2.164807885314172
russian_d29_2	колбаса_cf	6855.657631928564	3966.4629477642393	-0.7625943872080382	-0.6634884382194643
russian_d29_2	сэндвич_1	9177.036379679535	1974.1946779898935	-0.2992721715839278	3.1755504021630347
russian_d29_2	сэндвич_2	8920.6539030989	2363.5366352654078	-0.4256808054711145	2.665892287471568
russian_d29_2	сэндвич_3	9442.533884956474	2269.741689348985	-0.4043770630026898	1.8012936140447815
russian_d29_2	сэндвич_cf	6881.006933434181	3914.841580743525	-0.6650456375538696	-0.4518018886741668
russian_d29_2	сэконд-хэнд_1	8400.052400316474	2310.6811794915147	-0.38783888071715505	3.4630643151166414
russian_d29_2	сэконд-хэнд_2	7941.383091219069	1992.9998134775797	-0.3356060462337481	4.190488968430548
russian_d29_2	сэконд-хэнд_3	8261.004872349386	1945.1947142755546	-0.6364385857698598	6.14605970417222
russian_d29_2	сэконд-хэнд_cf	5850.03846442997	4247.1435926415925	-0.294774126916137	-1.2213583459029786
russian_d30	сахар_1	7274.930983438951	3907.1755456956644	-0.6787081925181605	-0.33193324780406286
russian_d30	сахар_2	6771.95016428047	3926.8773446880996	-0.34467413234039157	-0.4809019795652367
russian_d30	сахар_3	5732.333989382915	3223.853746716783	-0.3489532492386707	-0.21535260621618457
russian_d30	санки_1	8547.982352815598	1237.3663231514831	-3.494885478196824	25.433788274509258
russian_d30	санки_2	7232.345843164004	3338.9838748063517	-0.6973195712258043	0.6568806346097835
russian_d30	санки_3	7465.338682299098	2566.150927184065	-0.20472375094383008	2.956937398313281
russian_d30	санки_cf	5750.949914491939	3196.897862888875	-0.45937552010985044	-0.02461419709023005
russian_d30	саша_1	8107.925280750171	2033.0612404909243	-0.049903817033267704	6.783123018132171
russian_d30	саша_2	8076.406184271726	2807.1822494392113	-0.5847731223118134	1.8415030669195342
russian_d30	саша_3	7199.037675067232	2700.6412564662824	-0.27814837574678025	1.8074181032707468
russian_d30	саша_cf	6932.998984116011	2370.202204760205	-0.3107803419004965	3.284403788824984
russian_d30	савва_1	7351.359621616909	2885.603465500382	-1.0435217472344653	2.2168109356493684
russian_d30	савва_2	7976.9998397264235	3248.0214808057203	-0.8105153541289566	1.3501423903392942
russian_d30	савва_3	7570.86296296465	2625.1154578436353	-0.5149844082186587	2.884237207339753
russian_d30	савва_cf	6769.947334566337	2298.484844794358	-0.3318627787271011	3.565746404283181
russian_d30	осанка_1	7284.443690366298	3448.2045202754775	-0.7987592317581582	0.4059291818331747
russian_d30	осанка_2	6004.690646669484	3360.3689679159165	-0.43475201268074615	-0.11028583388049418
russian_d30	осанка_3	6908.051049738285	2983.0288966505523	-0.5074260387246106	1.3242538334244331
russian_d30	осанка_cf	5712.034380481051	3414.315106732272	-0.18802421582239223	-0.11534022728169324
russian_d30	колбаса_1	5214.404562506329	3660.4031195924044	-0.106537220830903	-0.7975407903745695
russian_d30	коса_1	9328.496086136352	2639.633683579237	-1.311144513879983	3.2093169124765417
russian_d30	коса_2	7295.809368018553	2237.5561214950258	-0.3914061503270697	3.0886525020736952
russian_d30	коса_3	7818.424714578981	3361.6321450156956	-0.9811195720155523	0.8799685428529824
russian_d30	посад_1	8215.046857498559	2680.7441323178978	-0.7289099851351069	2.4206541651990037
russian_d30	посад_2	7011.535292038623	2675.3116998674714	-0.8156675705005036	2.449387619565706
russian_d30	посад_3	7331.427011922467	1780.7008922156854	-0.29921951335493596	7.233225586696786
russian_d30	посад_cf	7867.624757872806	1933.9722969245108	-1.2511348786311234	6.5695249162472855
russian_d30	сэндвич_1	8370.763103388004	2405.243930943093	-0.9093642085445339	4.58716098899598
russian_d30	сэр_1	7123.2559734653705	2172.1589912457002	-0.262353986176549	4.7531560074421995
russian_d30	сэр_2	6894.173123592986	2759.781612954288	-0.41612663988273835	2.092862038855168
russian_d30	сэр_3	7496.482218778211	1745.7784376129944	-0.6085094037333442	7.811831253379006
russian_d30	сэр_cf	6507.459373768863	2493.9068416821297	-0.3981681993745285	2.4164809439675556
russian_d33	сахар_1	5329.032526790327	1278.001306657205	-0.07977368965318471	11.607980743813664
russian_d33	сахар_2	5355.259943523858	1410.7160764975697	2.2842708041890414	12.4745662705746
russian_d33	сахар_3	4968.613874965453	1432.58110400838	0.706162215958653	11.52029053131162
russian_d33	сахар_cf	5895.230605671223	1809.8145526814112	1.7620596981410435	6.125619094042845
russian_d33	санки_1	6531.129100742451	2120.570724452118	0.778175522161977	2.1497307564011665
russian_d33	санки_2	5239.740811851905	848.1771845516279	3.7650651830805026	44.31999425818411
russian_d33	санки_3	6484.004253127395	2549.7451346109383	0.47114136680145624	1.590024914639753
russian_d33	санки_cf	6075.719192455021	1688.2416268728682	1.5534833199924756	6.392099289763523
russian_d33	саша_1	5962.853065517339	1528.4073384559192	0.7187655850281714	8.216093785206954
russian_d33	саша_2	5548.293336530763	1465.8820880368526	1.703843436316793	11.38131718488717
russian_d33	саша_3	5821.50061850965	1446.1700573308967	1.6116428897014807	10.953488839508227
russian_d33	саша_cf	5615.593043903104	1343.1949807847593	-0.7070076552149971	10.219128726432332
russian_d33	савва_1	7047.352956485698	2126.3801065997586	0.6776754255287127	-0.11795528681568657
russian_d33	савва_2	5732.8402825971425	1695.9665742713041	2.6854988017984667	8.019308358972411
russian_d33	савва_3	6334.392680308089	2105.036012105225	1.3949539332109389	2.664525948463078
russian_d33	савва_cf	7159.353500103295	2644.815786895426	0.2647176117714038	0.8943203247481297
russian_d33	осанка_1	6776.232959835451	2876.020593159857	-0.32214516279955613	0.9091710024689377
russian_d33	осанка_2	6256.558040107089	1807.6790096718112	0.3093901610310181	4.260183097008435
russian_d33	осанка_3	6588.318102261044	2881.613092305498	0.4831454951059339	0.7022747392207989
russian_d33	осанка_cf	6137.152771866899	2465.18522334249	0.28867110818003533	2.2127628705699305
russian_d33	колбаса_1	6148.9391599936625	2367.629084741345	0.23148507450653502	1.4146691666556066
russian_d33	колбаса_2	5407.262386230376	1054.9923106382412	2.5586502030498406	21.619972261347005
russian_d33	колбаса_3	5585.273080807383	1393.6072446817843	1.5368313106015148	12.162131502670572
russian_d33	колбаса_cf	5614.775842688885	1141.2596798110926	0.3295009841617163	18.452198900257006
russian_d33	коса_1	7324.833265409519	2655.8688124032583	-0.21255461231602876	0.985763329605271
russian_d33	коса_2	5524.034398513446	1307.462150968796	0.7732191537623572	14.001716718640978
russian_d33	коса_3	5979.233141151545	2378.27906651922	0.6470983161154533	1.8008404806313187
russian_d33	коса_cf	6491.845051345693	2017.531315233234	-0.6357275373441883	3.5195082096250925
russian_d33	посад_1	6714.13991417071	3153.1049595405466	0.025796846342100724	0.2755320076661527
russian_d33	посад_2	6098.120053521754	1898.0126138640621	1.134263265868327	5.34823767845203
russian_d33	посад_3	6613.114649529625	2143.5513287790927	0.6681351059137834	2.9047192319784436
russian_d33	посад_cf	6498.774173499529	2414.880282536206	0.3765349329344422	2.24912350512773
russian_d33	сэндвич_1	5535.830098152865	1392.8893733207012	2.611777345100242	14.049395081301444
russian_d33	сэндвич_2	5621.205228418125	1803.7111939579056	2.3074209266916306	8.020677498561268
russian_d33	сэндвич_3	5437.804986073127	1021.8584470171189	2.300978697602727	28.23113912764067
russian_d33	сэндвич_cf	5718.064497427598	1531.5131510741783	0.03995499034153611	9.26160295703746
russian_d33	сэр_1	6676.7745839867	2343.2489210633353	0.9217719837107199	1.8289232045708523
russian_d33	сэр_2	5907.491353460998	1641.4160125331005	1.9353093047597123	7.885236402897583
russian_d33	сэр_3	5847.449125552721	1622.6331789965898	2.1934104794271847	8.159108916434226
russian_d33	сэр_cf	5840.888775962552	1425.8263330337973	2.927135559823332	12.810364793982117
russian_d33	глясе_1	6281.075723769692	2397.8708207271284	0.5489042041690919	2.2149346387835642
russian_d33	глясе_2	6871.184471704358	2303.8032067102126	0.5145567988842056	1.1120585782566987
russian_d33	глясе_3	6051.851447678375	1638.1423439741066	1.6375928991462347	6.383296489273626
russian_d33	глясе_cf	6078.32958456702	1666.2359756216504	1.4317793840452055	6.779367373102769
russian_d35_2	санки_4	7165.175767156345	2309.09696355907	-0.4113053781023581	4.467114416579268
russian_d35_2	санки_5	7644.34726808294	2538.7739612498367	-1.0169958505436123	3.9896429341068753
russian_d35_2	санки_6	7667.687690491113	2348.1471034395595	-1.5232932801769832	4.9583145952077015
russian_d35_2	санки_cf_2	6936.599606576512	2466.7264090299086	-1.270379851602991	3.1697069204463375
russian_d35_2	саня_4	5493.925040287347	3550.738165307846	-0.4280096403080736	-0.6077067433425345
russian_d35_2	саня_5	6887.407398403977	2820.4531176052888	-0.8811224532218548	1.7763677708924517
russian_d35_2	саня_6	6727.822635952595	3041.108723851076	-1.0005601788784517	1.1596396791284977
russian_d35_2	саня_cf_2	6470.06988586686	2648.504114957494	-1.2266800148500225	1.8136067682964478
russian_d35_2	саша_4	5041.080643405901	4046.339355252508	-0.11550804258074675	-1.26225483784763
russian_d35_2	саша_5	6429.252900521261	2902.3137791499585	-0.8004364491124026	1.2840210501071514
russian_d35_2	саша_6	7886.819108411727	2075.6738175498617	-2.0434633072827886	7.427857615472735
russian_d35_2	саша_cf_2	6324.142973883046	3113.7628314221342	-1.0511298392949473	0.4469066353568105
russian_d35_2	сад_4	7967.672204496607	1653.587750337407	-2.7214531979069756	13.319786085044928
russian_d35_2	сад_5	7213.109270340301	2178.402970980003	-1.9532010123725134	5.681258062996456
russian_d35_2	сад_6	7619.056188054342	2408.2309026199773	-1.9043065964156012	4.9826002231351
russian_d35_2	сад_cf_2	6589.313792357373	2925.084849206072	-1.393095215642103	1.127099148924028
russian_d35_2	посад_4	6046.015585573322	3081.225371784912	-0.7585628465996376	0.39759298284535705
russian_d35_2	посад_5	6731.294811370859	2669.7370224686224	-1.1449893969353957	2.356640331679107
russian_d35_2	посад_6	6108.9026318446095	3358.5851828788673	-0.779039691532119	-0.1019188160253437
russian_d35_2	посад_cf_2	6874.7291002493	2924.020088011871	-1.2903102766282355	1.373847616478832
russian_d35_2	посадки_4	7330.0121685207505	2579.2218684352197	-1.4806619384672075	3.5544086875766707
russian_d35_2	посадки_5	7180.564114376199	2413.1125846542163	-1.6241959810515676	3.8734219801000256
russian_d35_2	посадки_6	6991.122832323933	2821.9777998323343	-1.2818779992475908	1.9433767667936408
russian_d35_2	посадки_cf_2	6367.423109747118	2886.986916307897	-1.219031244876536	0.924004977291982
russian_d35_2	колбаса_4	7797.508253032724	1846.200096709255	-3.159135649764385	11.607093401862073
russian_d35_2	колбаса_5	6885.226816266383	2913.877638626269	-1.3854963598103895	1.367134043892201
russian_d35_2	колбаса_6	6454.961882735657	3390.216950279244	-0.9971487640339233	-0.10359640826632432
russian_d35_2	колбаса_cf_2	6902.415679673832	2920.5815847858385	-1.4912142553599508	1.4454321260385248
russian_d35_2	сэндвич_4	7117.69421938998	2010.782560468921	-0.5652727384276709	5.25151553408641
russian_d35_2	сэндвич_5	7614.759752303249	2032.472614465301	-0.6655814196830034	3.843569136251582
russian_d35_2	сэндвич_6	6868.22073300033	2093.0878044418514	0.1030894014748937	4.549174575083343
russian_d35_2	сэндвич_cf_2	6509.506457680355	2872.233983094662	-1.2514805741507302	1.1349367171639289
russian_d35_2	сэконд-хэнд_4	7078.669226751214	2672.432652367944	-0.9251317969699167	1.934345738383426
russian_d35_2	сэконд-хэнд_5	6542.119040634705	2495.331580693401	-0.30563516081918657	2.8329924717893444
russian_d35_2	сэконд-хэнд_6	6512.760923351144	2471.212189875742	-0.5277396219077288	2.6594357928148904
russian_d35_2	сэконд-хэнд_cf_2	6275.543490705663	2960.16411781174	-0.48859009552138966	1.480374810745829
russian_d39	санки_1	7350.632899636358	901.9970163756865	1.0860079358571475	29.052257240930594
russian_d39	санки_2	8899.659922839157	2142.2294859813796	-1.2889680025294772	4.721768903477936
russian_d39	санки_3	7735.198180736353	1082.362608147184	1.293293218866406	16.315784555888264
russian_d39	санки_cf	7552.388613510906	2460.7711375258828	-1.0011271583507053	3.3825856394609177
russian_d39	саня_1	9160.254317754094	1916.2890266540317	-1.4551274770842588	5.038647693250878
russian_d39	саня_cf_1	8079.150513947666	1553.1880436912172	-0.08726472789194223	4.959958186954884
russian_d39	саня_2	7142.877394141164	1575.6208821349958	0.858334175169306	5.603681536711903
russian_d39	саня_cf_2	7179.384565182771	1908.2423779288135	-0.39473018894651335	6.105762920555476
russian_d39	саша_1	8458.245086003395	1967.7045573165797	0.4236387890904079	1.7605596361465663
russian_d39	саша_2	8790.67065945145	1981.5075263901897	-0.6728346865407966	3.392303828785743
russian_d39	саша_3	8063.4720772927385	1788.443729420902	-0.49655375831867277	5.242650441190802
russian_d39	саша_cf	7755.7624429740845	2918.556292939309	-1.1216434386926795	2.0592709271133858
russian_d39	сад_1	8755.663284532005	1762.9598544666032	-0.2525643843288049	2.3404775405438745
russian_d39	сад_2	7451.002385162043	1826.3991096522673	0.8099657612267641	3.0969959378274616
russian_d39	сад_3	8380.651587270293	1941.6083459681015	-0.0465282628916565	2.236330258674492
russian_d39	сад_cf_1	7850.382728425972	2157.530933257447	-1.0898140588083796	5.580465657974418
russian_d39	сад_cf_2	8209.85078634319	2123.527317680084	-1.992843213972227	7.215729728994985
russian_d39	сад_cf_3	8314.93608179256	2835.955592620546	-1.7216758398596685	3.1019708403612363
russian_d39	сад_cf_4	8463.056184575951	2723.6786599786888	-1.5289706143029005	3.1061081794450436
russian_d39	посад_1	9342.370003740421	1548.4264548578296	-2.240843819400012	13.978925089953254
russian_d39	посад_2	9585.154060694755	1396.9230624896848	-2.406385547816192	17.995416737961023
russian_d39	посад_3	9732.909186576533	1757.6868541965712	-2.427543727298568	11.945186861513463
russian_d39	посад_cf	8479.792360365378	2547.6772201945337	-1.6681311397471366	3.7926087347850093
russian_d39	посадки_1	8663.16151386053	2797.9325813844143	-1.8652424311776086	3.7082190344230934
russian_d39	посадки_2	9344.626516221546	3135.4374691813146	-2.1759105773941	3.898718251935307
russian_d39	посадки_cf	8154.863061414992	2351.500859272055	-2.1545471588772007	5.300717011714099
russian_d39	колбаса_1	7728.021161711851	2500.862156370287	-1.030286351971739	3.3175167573975806
russian_d39	колбаса_2	7633.102405116016	3109.6776651432738	-0.9250980867776306	1.402324007273477
russian_d39	колбаса_cf_1	7623.404618576044	2667.0104148878427	-0.9259223974045578	2.4311241489603503
russian_d39	колбаса_cf_2	7326.339302858803	2376.8787676912852	-0.999375942873937	3.5805811879283054
russian_d39	сэндвич_1	8351.535127944173	1846.954105621202	-1.2460261364596563	6.317573896180162
russian_d39	сэндвич_cf_1	7624.126996214483	1857.4160573349711	-0.2668458265350836	2.7186949778490757
russian_d39	сэндвич_cf_2	7247.853296935518	1951.7963321300356	0.14514880721826653	3.1764432315869016
russian_d39	сэндвич_cf_3	7102.9051836171975	3200.4666396573934	-0.9806549574248926	0.842605214680523
russian_d39	сэконд-хэнд_1	8300.46885018703	1962.0614879214534	0.23144554982282858	1.8123396378722108
russian_d39	сэконд-хэнд_cf_1	7137.04023810388	1891.9954307066562	0.16098409998464072	4.620895745171288
russian_d39	сэконд-хэнд_cf_2	7509.068781599917	2121.5331243753585	-0.08190031979526159	3.3493904675256685
russian_d39	сэконд-хэнд_cf_3	6694.715391484358	3121.894848596436	-0.6616996778973946	0.5799704053044845
russian_d40	сахар_1	7072.368891049716	2866.3676253059043	0.09617180698812665	0.4589907053234965
russian_d40	сахар_2	6532.7375023845625	2900.4583150805092	0.5194010392523111	0.5661130349273775
russian_d40	сахар_3	7482.422227816057	3132.895931723337	-0.13355016130132363	0.07284886137995894
russian_d40	сахар_cf	6278.570217362108	4004.6218170408865	0.13878362546077988	-0.5507998843033097
russian_d40	санки_1	7484.069402352155	3094.1988987978825	-0.07914133262363902	0.22699524505941682
russian_d40	санки_2	7761.173994202549	2909.181576198473	-0.11770410383068099	0.34906784800351254
russian_d40	санки_3	9188.928115891029	2303.8092660532093	-1.4168245573282525	3.9625421139446884
russian_d40	санки_cf	7646.405308512919	3415.285758084621	-0.5203591715134607	0.0304612114140852
russian_d40	саша_1	8623.572775869863	3042.0682437598675	-0.18191928578735678	-0.5410726053562964
russian_d40	саша_2	8115.969182116618	3152.0273800180735	0.3456837431942183	-0.14366929789252492
russian_d40	саша_3	7903.990678985577	3163.9510725006667	-0.0721389072747563	-0.2684169640260641
russian_d40	савва_1	6585.544765278707	3101.297866995455	-0.11620387751993791	0.8046600424780923
russian_d40	савва_2	6382.339964707136	3420.978066154987	-0.09037698277411027	0.4375113172389602
russian_d40	савва_3	6299.915936322855	3168.782537173713	-0.3156846736364297	0.11413303154461518
russian_d40	савва_cf	3508.247754371566	3814.03602747272	0.5882855977069723	-0.9261513645245136
russian_d40	осанка_1	4437.381249456199	3211.482074304328	0.09628666025695365	-0.3456139386990289
russian_d40	осанка_2	3499.040955158402	3778.0884589600437	0.6216620277143168	-0.9110762157951737
russian_d40	колбаса_1	3249.5868369839736	2875.1379888656534	0.37370783115427997	0.10280389696460501
russian_d40	колбаса_2	4138.009244867089	3563.0740048084153	0.7752514785191986	1.00994398645157
russian_d40	колбаса_cf	4047.2172793829295	2742.164971063496	0.15595680348867225	1.405686490207028
russian_d40	коса_cf	2964.3169275061578	3379.5357901894267	0.8467034460398498	-0.010291486143567674
russian_d40	посад_1	3196.2672296240344	3566.89209813672	0.8214936990515298	0.05766487814351784
russian_d40	посад_2	2785.176451178281	3694.169655886015	1.0733901215114303	0.19302604995276473
russian_d40	посад_3	2493.3021828668957	3158.7434065963344	1.135411070485119	1.0182983814266962
russian_d40	сэндвич_1	6692.580308454052	3846.0506545818826	0.13657611553771845	0.04559327150861314
russian_d40	сэндвич_2	6663.125739228215	3238.8508445901157	0.09533982013868157	0.5966082182624564
russian_d40	сэндвич_3	5512.0085468873185	3136.3553169167417	0.31513274925971896	0.9698167219860396
russian_d40	сэндвич_cf	4944.729792001659	3719.283269200561	0.17249053138122702	-0.3131995381033894
russian_d40	сэр_1	5212.793115574302	4009.6036925080125	0.6035957073983707	0.1404371106906317
russian_d40	сэр_2	6392.343533824788	3346.643469545159	0.4390109070025187	0.9420892160204453
russian_d40	сэр_3	4992.325715004226	2765.7116765897504	0.12696401557692719	1.7217880686730238
russian_d40	сэр_4	5971.776664573812	4237.690612521137	0.2905902813105251	-0.4845551259825429
russian_d41	сахар_1	7450.918771467855	3655.767888037149	0.23715622817522855	0.5427942390119105
russian_d41	сахар_2	6332.891754651267	3327.500322188271	0.4538073347353888	1.6295088085118614
russian_d41	сахар_cf	4573.618111722713	4425.264779611231	0.645304667777628	-0.2679502325686589
russian_d41	санки_1	8327.936756853664	4411.912786593996	0.1556853201776908	-0.5452814716431988
russian_d41	санки_2	6497.77678452044	3004.988322830882	0.3481349967040195	1.8960186348753645
russian_d41	санки_3	7736.4464511013275	3164.8498919013928	0.3778924883489481	1.2747896356182853
russian_d41	саша_1	7277.092828748532	3242.586461276772	0.4968876885867261	1.173095192090642
russian_d41	саша_2	7163.95179998679	2387.316339774212	0.37666682938902246	3.863493287904543
russian_d41	саша_cf	7097.361033273396	3779.6156032760414	0.29285628894119403	-0.05112723017529541
russian_d41	савва_1	7602.6843319320515	3968.9475885121096	0.34897066008021416	0.2535374537637769
russian_d41	савва_2	7128.444084608351	2790.6562802672606	0.7170385298744913	2.1586306193827287
russian_d41	савва_3	6843.58589894711	3809.748607954851	0.5197537817724466	0.7472936217223873
russian_d41	осанка_1	6490.053643343978	3492.2589257810373	0.2154608725977612	0.10503159311917143
russian_d41	сэндвич_1	6848.239276115042	3498.893700686611	0.17963151565296934	0.3329313947176811
russian_d41	сэндвич_2	6558.882900397106	2632.2664726420026	-0.014420684254598446	2.231912114967831
russian_d41	сэндвич_3	6640.735503881249	2245.443910557147	-0.21940699319060597	4.508719128627067
russian_d41	сэр_1	6707.757068096386	2995.691281507052	-0.24453776396351304	1.3413378813802872
russian_d42	санки_1	7088.648683606351	2538.552106022741	-1.0496467565363998	2.16622732550709
russian_d42	санки_2	4789.335290744375	3446.6696368609564	-0.20469602886586125	-1.1220981868039732
russian_d42	санки_3	5033.489777107559	3251.445898504099	-0.4047469371767688	-0.7808521576613776
russian_d42	санки_cf	4657.388762209861	3075.004388444631	-0.364976297188083	-0.8048337139009631
russian_d42	саня_1	5847.981194303984	3383.612434970284	-0.6978590396722091	-0.48780365727980923
russian_d42	саня_2	5000.19582698736	3230.6836296671577	-0.43907149265915024	-0.8348367441455808
russian_d42	саша_cf	4818.6740882422655	3491.8561587831955	-0.265744864557849	-1.2879607747828365
russian_d42	сад_1	5713.148999726608	3220.0866085401963	-0.6326080706414317	-0.3220773693439454
russian_d42	сад_2	5768.887102381549	2512.6693250273697	-0.8366047750963833	1.3303406653036047
russian_d42	сад_3	5363.6339459823785	2948.8482212113195	-0.6212161167123049	-0.23908817168046737
russian_d42	сад_cf	5850.049455837263	2962.807740098464	-0.6614610571557208	0.27043692165587174
russian_d42	посад_1	6486.30344706837	2618.147310770522	-0.9453402145114932	1.6361313965177553
russian_d42	посад_2	4227.4680343078335	3232.7253495411155	-0.037321003080773525	-1.138343679949192
russian_d42	колбаса_cf	2678.7922838507575	3222.873829011672	0.8785801346321842	-0.3413637770381661
russian_d42	сэндвич_1	5834.254473620081	2674.1462611608376	-0.7651768969287841	0.8561883215918993
russian_d42	сэндвич_2	4426.2373712742565	3429.6665024536014	0.21384667789511666	-0.42019175363351025
russian_d42	сэндвич_3	3858.089918609676	3326.7995398796643	0.23390886259607835	-1.0110834581662058
russian_d42	сэндвич_cf	4092.936177007503	3181.3295932263754	-0.010335319415201173	-0.9233069966581815
russian_d42	глясе	4724.624867601615	3205.9906769906042	-0.043182893504743386	-0.2691550837015364
russian_d42	глясе_cf	3289.6150665488826	3209.572981519539	0.5161683387556142	-0.523779655404423
russian_d42	сэконд-хэнд	5519.96915853457	2987.0146742690076	-0.5639198524550085	-0.061998627519291194
russian_d42	сэконд-хэнд_cf_1	5410.392294161703	2904.3439858764177	-0.5543324451330282	0.03369766275029429
russian_d43	санки_1	8010.249956780452	2694.1472197868816	0.3518402833052647	1.416186531164513
russian_d43	санки_2	7325.240220874201	3164.040912530325	-0.3236901748214507	0.8816450853025519
russian_d43	санки_3	7779.973527514256	2688.2107913672207	0.009077767894830802	1.444289834328699
russian_d43	санки_cf	5939.65925922792	3752.8735772428627	-0.2345630207967227	-0.5267615778725019
russian_d43	саня_1	8508.94077788349	2648.0251206552766	0.0021909791092025966	1.7115261143320621
russian_d43	саня_2	8035.774345839264	3205.3429363248224	-0.5045326745477571	0.6966129337200209
russian_d43	саня_3	6669.77778978394	3474.481311650908	-0.4260585837712256	-0.13833957462655855
russian_d43	саня_cf	6173.237173733719	4189.368480035598	2.004208091744847e-05	-0.7661674430410228
russian_d43	саша_1	6422.082328251202	3924.5828240530695	-0.3688533949609904	-0.5895005904759527
russian_d43	саша_2	7767.183696127528	3584.3316263823	-0.4406622073567854	0.08697624445207719
russian_d43	саша_3	6699.666871559865	3318.800511691233	-0.30232199960968936	0.2557043512271946
russian_d43	саша_4	7118.077153292742	4214.404990680849	-0.17023626728215177	-0.5915838065658057
russian_d43	сад_1	8128.405812770713	2049.962868285484	0.39940329894586674	3.3939800002229106
russian_d43	сад_2	7735.195752227362	2936.483109090923	-0.5033372927764573	1.7267343417675622
russian_d43	сад_3	7096.475690782832	2674.4491237805482	-0.7097116645613389	2.4910394478982543
russian_d43	посад_1	7785.909797227082	3415.827835187434	-0.543634633344092	0.614399784672556
russian_d43	посад_2	7192.370622637955	3633.068183329947	-0.6036754314837595	0.15229413265728953
russian_d43	посад_3	7488.838026696969	2896.8195697666993	-0.5564160581784968	2.1658988564383534
russian_d43	посад_cf	6390.77740917265	3931.8331103950013	-0.33698015799790343	-0.7329283397309818
russian_d43	посадки_1	8262.6962053098	2924.1763825735866	-0.4787122092878936	1.6834944092881479
russian_d43	посадки_2	6402.916390285135	3801.3233603101817	-0.28746075917595987	-0.19726035525890673
russian_d43	посадки_3	6828.57065166315	4159.243131193589	-0.2879549775139199	-0.5952957668822951
russian_d43	посадки_cf	6982.063200841342	3547.116443213919	-0.43557582260556527	0.19377241460808614
russian_d43	колбаса_1	7825.061838239312	3466.9990069910323	-0.4640303504199499	0.17990938556582892
russian_d43	сэндвич_1	5590.0917090740895	3447.539339290168	0.35197535970658433	0.05459192416947989
russian_d43	сэндвич_2	5975.062185427844	4064.709335293568	0.15656678339572902	-0.8155795102542149
russian_d43	сэндвич_cf	3658.60676228469	4231.664876061491	0.981827275925551	-0.02215383911772495
russian_d43	глясе_1	6356.608720444297	3743.2908782658405	-0.09201946079897311	-0.4359474593521129
russian_d43	глясе_2	6984.286530568887	3911.3761918060004	-0.19525969511608635	-0.6108250747458408
russian_d43	глясе_3	5358.346156787965	4275.847075862669	0.24872426893531846	-0.903995598957422
russian_d43	глясе_cf	4574.438571253893	4226.073353174141	0.5086832386951844	-0.8447613337188402
russian_d43	сэконд-хэнд_1	7241.9632914293925	3059.8215757108483	-0.24209951533982366	0.8743201271124383
russian_d43	сэконд-хэнд_2	7062.363336547229	3692.3190907304443	-0.3231580764090698	-0.43736479456720945
russian_d43	сэконд-хэнд_3	5995.926761115609	3704.604806377611	0.02195748395915149	-0.411850461531059
russian_d44	сахар_1	6694.374522736877	2026.5733677969133	0.6579126540424658	6.452553265721219
russian_d44	сахар_2	6690.334840356257	2073.5500511167415	-0.6491999161898054	5.4584510463314935
russian_d44	сахар_3	7071.585444494666	2172.19899319769	0.10940937988410496	4.849704145193151
russian_d44	сахар_4	6231.188659959585	2577.0112419603875	-0.7128587003307788	2.2189252677347087
russian_d44	санки_1	7000.396008357514	2111.0041448045263	-0.4150044871876987	5.6920312597870435
russian_d44	санки_2	6948.265959227498	2659.8532617769793	-0.7884268880339791	2.554491356955091
russian_d44	санки_3	7080.044274083459	2696.2361122154584	-0.5952638222908445	2.5666140048004884
russian_d44	санки_4	6815.77124125469	2570.08992131172	-0.5291432623046308	3.167100240134368
russian_d44	саша_1	5909.463558073213	2318.965458787169	0.12306893903753746	1.795424545003267
russian_d44	саша_2	4785.735326055808	2759.7054757940987	-0.45387843853746823	0.16429706016851986
russian_d44	саша_3	6043.1367697015785	1495.5076108399792	-0.23222411626002973	8.038299922750019
russian_d44	саша_4	5790.111346715011	3633.4470985043986	-0.28874037580489603	-0.4099287686353432
russian_d44	савва_1	7407.652434267618	1899.1498548778636	0.09640613115378024	6.243652242385302
russian_d44	савва_2	6420.2900050177395	3676.4043603351597	-0.13411798365679226	0.1483177670593001
russian_d44	савва_3	6324.456844104472	2836.1224328836315	-0.18749703503725942	1.6838751978267483
russian_d44	савва_4	6188.689646100615	2356.972133104546	-0.5663393687345556	1.9346671404023805
russian_d44	осанка_1	1317.0368721465395	2995.8862434326556	2.233689750997883	3.984929302351534
russian_d44	осанка_2	1452.832114943884	3029.962505206357	2.0956087620250052	3.5168122992609128
russian_d44	осанка_3	1528.379293461817	3281.418144815946	2.272167945958442	4.3444808067776215
russian_d44	осанка_4	4530.679850301687	3748.770791579319	0.08109625893409873	-0.8316193673231442
russian_d44	колбаса_1	4656.654686851538	4122.240566735456	0.33300367455797125	-0.925767354415695
russian_d44	колбаса_2	1362.641449164502	2867.995110306586	2.108211219593376	3.6857319886571718
russian_d44	колбаса_3	2712.205047483697	3681.8077274069265	1.007587964487377	-0.23010068640202253
russian_d44	колбаса_4	4353.172620964488	3671.6202824676006	0.16276532820522827	-0.9646465151290489
russian_d44	коса_1	5851.005825725818	2678.5064377788863	-0.3116175694614733	0.8267149522953834
russian_d44	коса_2	2654.820246352957	3467.8736043163585	0.9218442329420709	-0.3404204282763983
russian_d44	коса_3	1447.2616409819836	2873.9533575349456	1.8012517133445796	2.1105305037802067
russian_d44	коса_4	1171.6257091712018	2714.258830886401	2.2628130292789663	4.271165731396721
russian_d44	посад_1	3845.336826114839	3805.4364538509694	0.4381544035434827	-0.7654117360822825
russian_d44	посад_2	646.9934138437901	2079.7690788496634	3.572945348476244	13.25864287042215
russian_d44	посад_3	1568.939748906547	3244.654893136434	1.9898383179291357	3.02108754509998
russian_d44	посад_4	5257.883734977406	3488.450617075327	-0.17420861517750894	-0.3033577661281974
russian_d44	сэндвич_1	5099.634134522037	4238.903573535093	0.2022366671641995	-0.75727600195671
russian_d44	сэндвич_2	5787.413814676489	3977.491660357025	0.07104021618514825	-0.271103128709389
russian_d44	сэндвич_3	5598.783158644493	3849.441851500995	-0.12902788258608897	-0.4823086826093861
russian_d44	сэндвич_4	5859.514240234373	3074.9664857188195	-0.41951393583813035	0.7325750796485457
russian_d44	сэр_1	7046.498941266461	2460.953921131386	0.06928961513620605	4.35141534421288
russian_d44	сэр_2	4408.2331461753765	3637.4430413232903	0.5207714731206466	0.014862991327130093
russian_d44	сэр_3	2385.296062941907	3491.432209404767	1.2612053210111658	0.6320782593911076
russian_d44	сэр_4	6305.226379853034	2314.8957150738697	-0.21296561724068663	3.26434643351665
russian_d44	глясе_1	4532.211846658391	3532.737463376319	0.2992128778638621	0.045104161828621425
russian_d44	глясе_2	941.8142182888805	2439.660322281523	2.7938109155896265	7.58111030706983
russian_d44	глясе_3	661.001330337075	2044.8330619832122	3.4345674228556407	11.87284246019958
russian_d44	глясе_4	1711.8879602884638	2971.789746761017	1.5318333591784083	1.262276559355886
russian_d44	волосы_1	4336.632405527016	3954.2815222705226	0.5057085984906862	-0.3487572562263872
russian_d44	волосы_2	2975.231705427138	3705.2231806413047	0.870632151516173	-0.22009245213943185
russian_d44	волосы_3	287.23889714982215	1452.3151845546417	5.880001397480247	36.61326264293806
russian_d44	волосы_4	1486.0246172600016	3015.33533126446	1.8841225145021452	2.6430427786507886
russian_d44	часа_1	3176.803692752235	3814.600801693101	0.9120153090177038	-0.04228450733472133
russian_d44	часа_2	1328.2379604623998	2654.145764766803	1.9963055165837158	3.4185821242123513
russian_d44	часа_3	640.2998464646677	2065.4698121031506	3.476593737763772	12.006451290403682
russian_d44	часа_4	3474.4692799030786	3737.9743899192035	0.5748719088607198	-0.713756906002132
russian_d44	сэконд-хэнд_1	6964.021021022286	3392.9360699035465	-0.1436280886675221	1.0713153609547597
russian_d44	сэконд-хэнд_2	4809.586205126607	3885.2482831200027	0.020041934947560614	-0.8474484231969073
russian_d44	сэконд-хэнд_3	6558.735379889614	2990.254420929441	0.235587589083554	1.9818467498225
russian_d44	сэконд-хэнд_4	7624.112258882264	2643.5970949554394	-0.34381089791197345	3.3804290108540007
ubykh_d51_listeV	sa_1	4326.250538520829	794.7581016966419	0.10179086850202637	14.267534203941082
ubykh_d51_listeV	sa_2	4447.80713272953	1110.0999265974433	-0.08579707311746239	8.230759252531907
ubykh_d51_listeV	sa_3	4345.767083707141	688.161239965823	1.2398579182206488	26.62778317595804
ubykh_d51_listeV	sa_4	4744.547772626564	846.0237909050753	0.30298295839718314	15.043735892361152
ubykh_d51_listeX	asəxán_1	1997.9505719794274	2270.848203628177	0.6033221742276353	-1.0697133750026717
ubykh_d51_listeX	asəxán_2	3444.6593595445897	2259.391446909708	-0.5404890536281961	-0.9706912848741647
ubykh_d51_listeX	asəxán_3	3124.4773998442392	2399.3903539889247	-0.2225190026334981	-1.301035649191965
ubykh_d51_listeX	asəxán_4	2324.873134964815	2499.348098544727	0.40703694632459986	-1.4505849672467503
ubykh_d51_listeXXIV	səc°ʼán_1	3999.346857858557	1186.3432162549293	-1.643593022094367	6.927781567002819
ubykh_d51_listeXXIV	səc°ʼán_2	4031.123922300557	1436.3672419660286	-1.1542644334656438	3.8181255294071788
udmurt_d6_sajkanə	sajkanə_1	1762.648233887147	2678.9401297037257	1.2163189864659003	-0.323734992828844
udmurt_d6_sajkanə	sajkanə_2	2686.974563942728	3046.7783403092844	0.4696800764767493	-1.6485357782573202
udmurt_d6_sajkət	sajkət_1	3906.452228292149	3085.8520657631675	-0.2753830024493484	-1.7051757734749986
udmurt_d6_sajkət	sajkət _2	4187.236482887354	3154.336726410034	-0.3889018511734443	-1.676641641247431
udmurt_d6_sənašʼkənə	sənašʼkənə_1	3017.8870157384554	2157.5833490959635	-0.010896836856860322	-1.1072196046052913
udmurt_d6_sənašʼkənə	sənašʼkənə_2	3776.6000328164473	2901.5730980479543	-0.3222310305227961	-1.663841121999485
udmurt_d6_sənašʼkənə	sənašʼkənə_3	3248.5927655723726	3042.81228358062	0.0720364708999062	-1.8145391941585718
udmurt_d6_səsə-pu	səsə-pu_1	4813.773757493927	2772.10455183851	-0.6930830668054443	-0.8735079214046793
udmurt_d6_səsə-pu	səsə-pu2_1	1976.3679913397655	2725.3719707943824	1.2479954909714897	0.0594494379558812
udmurt_d6_səsə-pu	səsə-pu_2	4048.7237511929548	2441.006305149621	-0.622778883200438	-0.9635872922474196
udmurt_d6_səsə-pu	səsə-pu2_2	5397.525903112886	2307.309241293704	-1.2988029296309933	0.7268668433913494
udmurt_d6_səsə-pu	səsə-pu_3	4484.042124672436	2369.2079954873698	-0.9009661825185825	-0.4225179078638899
udmurt_d6_səsə-pu	səsə-pu2_3	5057.113888316191	2356.3504290416954	-1.2615797346864166	0.2643187832405056
udmurt_d7_sajkatənə	sajkatənə_1	6636.633027228932	1344.5318211480292	-0.33169659271483987	5.005863862874692
udmurt_d7_sajkatənə	sajkatənə_2	6380.79743339762	1867.4848060696463	-1.6683804027328057	4.698981672288624
udmurt_d7_sajkatənə	sajkatənə_3	7199.269100886244	1332.0724431039632	-0.0790102663203338	2.4975122173699713
udmurt_d7_sajkač_kənə	sajkač'kənə_1	2577.3243163557227	3203.4387057222907	0.7751481617504502	-1.1371103308326864
udmurt_d7_sajkač_kənə	sajkač'kənə_2	6818.648993208335	1548.0790524404197	-1.2037119234302132	6.211725893300235
udmurt_d7_sajkač_kənə	sajkač'kənə_3	7257.421323362666	1169.556022323486	0.1324894810070436	1.6261477281090677
udmurt_d7_sajkomənə	sajkomənə_1	6273.566534843485	1196.0687702626285	0.6442806290148074	2.5492363936811637
udmurt_d7_sajkomənə	sajkomənə_2	6350.249854320314	1342.0599651132343	-0.2519237867757818	4.344655874382508
udmurt_d7_sənanə	sənanə_1	1747.4361615218827	3227.616199602553	1.6362374775849138	1.3361958236164977
udmurt_d7_sənanə	sənanə_2	1098.599439544342	2441.8364044405757	2.398765858096623	4.723194312409171
udmurt_d7_sənanə	sənanə_3	5479.675784769603	3374.7936624431627	-0.268899817147782	-0.48193061200873366
udmurt_d7_sənašʼkənə	sənašʼkənə_1	6987.271054055471	1646.176160003863	-0.758298508592608	1.0920435180176469
udmurt_d7_sənašʼkənə	sənašʼkənə_2	6737.900936865844	1496.076720482148	0.05987450399932573	0.31942712303956666
udmurt_d7_sənašʼkənə	sənašʼkənə_3	6991.688062985633	1213.2815520170868	-0.6865334571436572	2.041846171765086
udmurt_d7_səsə-pu	səsə-pu_cf_1	6251.506948756132	2300.973447960496	-1.0216840334639066	2.0503789531007888
udmurt_d7_səsə-pu	səsə-pu2_cf_1	4693.245885143345	3728.9811684265	-0.2804320802733673	-1.6714861436405624
udmurt_d7_səsə-pu	səsə-pu_cf_2	5860.490010463426	2803.4615969042206	-0.9808680243218274	0.23706148641126212
udmurt_d7_səsə-pu	səsə-pu2_cf_2	5219.59253661205	3499.4685759324325	-0.6034244132171529	-1.3111728880553135
udmurt_d7_səsə-pu	səsə-pu_cf_3	7183.537370929199	1671.7596340351918	-0.746050779627113	3.747323726334674
udmurt_d7_səsə-pu	səsə-pu2_cf_3	5059.467196969638	3398.040117838156	-0.4887810091918821	-1.2534546635652903
udmurt_d8_sajkač_ke	sajkač'ke_1	7551.402387848725	1588.5080014599669	-1.4487114680251623	4.887672133763749
udmurt_d8_sajkač_ke	sajkač'ke_2	7967.430744474366	1332.2765645212032	-1.2746817042610235	4.620729968330081
udmurt_d8_sajkač_ke	sajkač'ke_3	7081.377084231351	1582.9410803143687	-1.393592455717884	4.376907713020122
udmurt_d8_sajkišʼkənə	sajkišʼkənə_1	6155.508329661795	3950.979649294946	-0.47543846628163655	-0.7360627182100448
udmurt_d8_sajkišʼkənə	sajkišʼkənə_2	7949.092026536854	3493.012111744754	-0.8231658771143778	0.6859600312238894
udmurt_d8_sajkišʼkənə	sajkišʼkənə_3	8209.270190455112	3524.2212487324787	-0.43760715216271795	0.9131239920563434
udmurt_d9_sajkanə	sajkanə_1	2980.786362062109	2923.049444155554	0.30881188935300297	-1.4830333302735088
udmurt_d9_sajkanə	sajkanə_2	2572.047783018351	3073.5092452264203	0.6462094989558301	-1.301917092249414
udmurt_d9_sajkanə	sajkanə_3	1732.3960670654817	2577.8562980558254	1.3628514697903624	0.41183641189254283
udmurt_d9_sajkanə	sajkanə_4	1515.9746925294519	2488.07463308652	1.5264699022951413	0.7501298538565617
udmurt_d9_sajkanə	sajkanə_5	3743.6504660412193	3038.219304297052	-0.13519754174083481	-1.6223421285712099
udmurt_d9_sajkaz	sajkaz_1	3187.026201121369	3031.9621558265203	0.20656355114793923	-1.5690455245902573
udmurt_d9_sajkaz	sajkaz_2	2780.4627852092503	3012.5398808753393	0.508195650939489	-1.3280895933471881
udmurt_d9_sajkət	sajkət_1	3805.8649786682577	2910.7813347494757	-0.21114285697286456	-1.4995204288134028
udmurt_d9_sajkət	sajkət_2	2309.3080707201484	2813.1150047859264	0.8116942900452335	-0.9769203533759074
udmurt_d9_sajkət	sajkət_3	3904.4180842096275	2878.5076267141694	-0.27976877201040595	-1.3629133414928791
udmurt_d9_sənašʼkiz	sənašʼkiz_1	2457.6642439835146	2805.7214180267038	0.5095662252307079	-1.4342982115371197
udmurt_d9_sənašʼkiz	sənašʼkiz_2	3475.611073214777	2978.5674969992506	-0.06753151648035852	-1.7032641319108903
udmurt_d9_sənašʼkənə	sənašʼkənə_1	3537.4737283872278	2760.3556776645123	-0.1677834325098259	-1.5108595318911895
udmurt_d9_sənašʼkənə	sənašʼkənə_cf_1	1957.1473182560956	2590.572733905973	0.9180282006691179	-0.861430686419876
udmurt_d9_sənašʼkənə	sənašʼkənə_cf_2	1297.3461838466246	2264.018151623417	1.655042230437649	1.1340218872435823
udmurt_d9_səsə-pu	səsə-pu_1	4405.446853619854	2536.8804042440443	-0.748427340590399	-0.7601011996370941
udmurt_d9_səsə-pu	səsə-pu2_1	2130.9262505137362	2605.1571247135525	0.7399597279359742	-1.2086222770471828
udmurt_d9_səsə-pu	səsə-pu_2	3846.4665838309415	2597.798083595416	-0.4474934399422535	-1.2991791571743614
udmurt_d9_səsə-pu	səsə-pu2_2	1970.0752054761401	2492.7920426290516	0.8561623465072048	-1.0342518024964324
udmurt_d9_səsə-pu	səsə-pu_3	4627.363106873138	1890.4520105262625	-1.4731018763692094	1.437976361778114
udmurt_d9_səsə-pu	səsə-pu_3	2812.5462387971083	2740.7946458767	0.16271152285481105	-1.712290473104474
