dictor	value	max_Bark	slope_Bark	max_Hertz	slope_Hertz	delete
d13	giasa_1	18.05451	7.850265	4597.339	0.012730979	
d13	giasa_2	18.79122	5.889827	5221.802	0.008757984	
d13	giasa_3	18.50264	5.941151	4968.787	0.009281772	
d13	sajna_1	18.76111	5.937889	5194.885	0.010043589	
d13	sajna_2	18.94561	5.18731	5361.768	0.008723354	
d13	sajna_3	19.21581	4.257575	5614.783	0.007069899	
d14	giasa_1	19.46973	10.073459	5862.415	0.012986754	
d14	giasa_2	19.50211	7.972033	5894.714	0.010599403	
d14	giasa_3	18.82717	7.396004	5254.102	0.010761725	
d14	sain_1	20.32436	7.334837	6777.576	0.008948626	
d14	sain_2	19.7912	7.255952	6190.796	0.009198415	
d14	sain_3	19.05042	7.908621	5458.667	0.010933016	
d14	sajna_1	19.76549	6.762679	6163.879	0.008906405	
d14	sajna_2	19.74483	7.448063	6142.346	0.009873983	
d14	sajna_3	18.96905	7.36792	5383.301	0.011147269	
d15	giasa_1	13.21564	2.74824	2034.888	0.010508108	
d15	giasa_2	13.11241	4.240587	2002.588	0.016851257	
d15	giasa_3	13.43258	3.794124	2104.871	0.014483828	
d15	sain_1	13.41621	4.128026	2099.487	0.014995819	
d15	sain_2	13.33357	3.781348	2072.571	0.0141159	
d15	sajna_1	12.73463	1.825627	1889.539	0.007290933	
d15	sajna_2	13.09501	2.498583	1997.205	0.010559481	
d15	sajna_3	13.49755	3.871406	2126.404	0.01453277	
d16	giasa_1	13.98962	1.0266164	2298.669	0.003392294	
d16	giasa_2	11.99931	-0.3456692	1690.356	-0.001171215	
d16	giasa_3	13.98962	0.7393446	2298.669	0.002184784	
d16	saji_1	12.56437	2.5564435	1841.089	0.010693373	
d16	saji_2	12.80865	1.2463835	1911.072	0.004797154	
d16	saji_3	12.60266	2.222581	1851.855	0.008931129	
d16	sajna_1	13.98962	2.0944253	2298.669	0.007311427	
d16	sajna_2	13.98962	3.2244187	2298.669	0.011476333	
d16	sajna_3	13.98962	1.4062866	2298.669	0.004990068	
d16	sajrakta_1	13.11241	1.5493619	2002.588	0.005995013	
d16	sajrakta_2	13.67212	1.2055381	2185.62	0.004352672	
d16	sajrakta_3	12.77176	4.3354074	1900.305	0.016868522	
d17	nəsasaqen_1	12.9894	4.767027	1964.905	0.018975082	
d17	nəsasaqen_2	12.84528	5.731073	1921.838	0.024773006	
d17	nəsasaqen2_1	8.025049	1.477798	925.9277	0.01081301	
d17	nəsasaqen2_2	8.345408	1.747373	974.3774	0.01264705	
d17	sajkok_1	12.9894	2.394127	1997.205	0.008736812	
d17	sajkok_2	12.46748	6.766647	1814.172	0.028763824	
d19	nəsasaqen_1	18.68219	7.647321	5124.902	0.010340886	
d19	nəsasaqen_2	19.399	8.39095	5792.432	0.010730815	
d19	nəsasaqen_3	19.1989	7.729749	5598.633	0.010075316	
d19	nəsasaqen_4	19.06196	6.476916	5469.434	0.008699494	
d19	nəsasaqen_5	19.00986	7.726034	5420.984	0.010207696	
d19	nəsasaqen_6	19.21581	6.655574	5614.783	0.009019797	
d19	nəsasaqen2_1	7.768423	2.588034	888.2446	0.01898735	
d19	nəsasaqen2_2	7.505182	-4.02883	850.5615	0.0153626	
d19	nəsasaqen2_3	19.29973	5.968042	5695.532	0.008232641	
d19	nəsasaqen2_4	19.22706	5.71683	5625.549	0.007854272	
d19	nəsasaqen2_5	18.88073	5.084911	5302.551	0.007700707	
d19	nəsasaqen2_6	18.9632	5.283331	5377.917	0.007740874	
d19	sajkok_1	18.58373	8.716651	5038.77	0.011095543	
d19	sajkok_2	19.00986	7.828311	5420.984	0.010123379	
d19	sajkok_3	19.04464	3.891744	5453.284	0.005784131	
d19	sajkok_4	19.07924	7.483254	5485.583	0.010427942	
d20	nəsasaqen_1	21.4678	4.503656	8284.9	0.004771879	
d20	nəsasaqen_2	21.53783	4.092904	8392.566	0.004213794	
d20	nəsasaqen_3	22.07982	5.063023	9313.11	0.00489238	
d20	nəsasaqen_4	22.1818	5.26517	9506.909	0.004659547	
d20	nəsasaqen2_1	8.025049	3.505343	925.9277	0.02540737	
d20	nəsasaqen2_2	8.025049	2.203026	925.9277	0.01606821	
d20	nəsasaqen2_3	21.99475	4.580413	9156.995	0.004657036	
d20	nəsasaqen2_4	22.19841	4.541266	9539.209	0.004392471	
d20	sajkok_1	21.49248	5.027309	8322.583	0.005157644	
d20	sajkok_2	22.13131	4.794427	9410.01	0.004654344	
d20	sajkok_3	21.34901	5.669301	8107.251	0.005979206	
d20	sajkok_4	21.95574	4.397124	9087.012	0.004354044	
d21	nəsasaqen_1	21.64018	4.587914	8554.065	0.004505766	
d21	nəsasaqen_2	21.71976	4.962661	8683.264	0.005078816	
d21	nəsasaqen_3	21.69015	4.594186	8634.814	0.004520482	
d21	nəsasaqen2_1	20.13471	12.27917	6562.244	0.01254575	
d21	nəsasaqen2_2	19.8626	15.97549	6266.162	0.01707055	
d21	nəsasaqen2_3	21.60981	4.546673	8505.615	0.004471732	
d21	sajkok_1	20.05201	-3.837584	6470.728	0.003612158	
d21	sajkok_2	21.61659	2.953227	8516.382	0.003068032	
d21	sajkok_3	20.56074	5.29943	7057.507	0.006088791	
d21	sajkok_4	22.69248	1.454121	5996.997	0.004542113	
d22	nəsasaqen_1	19.58233	8.313721	5975.464	0.009600495	
d22	nəsasaqen_2	19.99784	4.56229	6497.644	0.004950117	
d22	nəsasaqen_3	19.53433	8.576205	5927.014	0.009966376	
d22	nəsasaqen_4	19.62469	7.786888	6018.53	0.00900062	
d22	nəsasaqen2_1	19.76033	9.270826	6158.496	0.010651328	
d22	nəsasaqen2_2	19.67722	8.990659	6072.363	0.010189419	
d22	nəsasaqen2_3	19.84737	12.145178	6250.012	0.013575316	
d22	nəsasaqen2_4	19.4589	11.231254	5851.648	0.013082144	
d25	колбаса_cf	20.8695	2.657141	5996.997	0.004649639	delete
d25	коса_1	19.34404	2.404831	5738.599	0.003650615	
d25	коса_2	19.79633	2.475617	5996.997	0.003399578	
d25	коса_3	18.8748	8.83424	5297.168	0.005365193	
d25	коса_cf	18.73087	8.189295	5167.969	0.005564387	
d25	осанка_1	19.20454	4.679346	5604.016	0.006547124	
d25	посад_1	20.46665	3.689156	5824.731	0.005780373	delete
d25	посад_2	19.17061	2.308363	5571.716	0.003493142	delete
d25	посад_3	19.31084	3.722371	5706.299	0.005066536	delete
d25	савва_1	19.70332	3.364946	5996.997	0.004796184	delete
d25	санки_1	19.32192	4.615476	5717.065	0.006970522	delete
d25	санки_2	18.00726	4.857389	4559.656	0.008692445	delete
d25	санки_cf	18.74903	7.220513	5184.119	0.010045558	delete
d25	сахар_1	20.8819	2.908267	5221.802	0.011797055	
d25	сахар_2	18.3759	6.790583	4861.121	0.011349865	
d25	сахар_3	20.99997	2.737289	4694.238	0.010221489	
d25	сахар_cf	19.62996	3.614564	5996.997	0.00525872	
d25	саша_1	19.01567	3.911558	5426.367	0.006397124	delete
d25	саша_2	18.75508	4.302309	5189.502	0.007003693	delete
d25	саша_cf	18.85103	2.809432	5275.635	0.004578566	delete
d25	сэндвич_1	19.4263	3.666696	5819.348	0.005268879	delete
d25	сэндвич_2	18.43323	3.979879	4909.57	0.006214378	delete
d25	сэндвич_3	18.40781	5.787524	4888.037	0.006059328	delete
d25	сэндвич_cf	19.56637	4.070521	5959.314	0.005509136	delete
d25	сэр_1	18.61465	4.808528	5065.686	0.007110076	delete
d25	сэр_2	18.16123	5.962552	4683.472	0.009773951	delete
d25	сэр_3	17.63016	5.620509	4268.958	0.010073992	delete
d25	сэр_cf	19.79633	4.616023	5996.997	0.006272417	delete
d28	глясе_1	19.65101	3.69885	6045.447	0.006420488	delete
d28	глясе_2	19.71892	6.34967	6115.43	0.007088754	delete
d28	глясе_3	18.8212	6.438181	5248.718	0.00677415	delete
d28	глясе_cf	19.62732	5.75137	6021.222	0.008244397	delete
d28	колбаса_1	20.99997	2.807016	5695.532	0.004532159	delete
d28	колбаса_2	20.69629	3.19345	6998.291	0.004631808	delete
d28	колбаса_3	20.74343	3.742755	5792.432	0.006383872	delete
d28	колбаса_cf	20.99997	3.953311	6998.291	0.004915892	delete
d28	коса_1	20.99997	3.296951	6998.291	0.00432469	
d28	коса_2	20.61149	3.714489	6998.291	0.004863438	
d28	коса_3	20.65952	4.011253	6998.291	0.005447303	
d28	коса_cf	20.7562	3.468047	6998.291	0.004485268	
d28	осанка_1	20.96369	2.150479	6998.291	0.002615143	
d28	осанка_2	20.74343	3.288318	6998.291	0.004541581	
d28	осанка_3	20.99997	2.841437	6998.291	0.003367697	
d28	осанка_cf	20.74343	3.953274	6201.562	0.006224521	
d28	посад_1	20.99997	2.833371	6274.237	0.004715682	delete
d28	посад_2	20.72206	3.060952	6998.291	0.004154522	delete
d28	посад_3	19.76033	5.332315	6158.496	0.007837782	delete
d28	посад_cf	18.78521	6.692181	5216.418	0.011071624	delete
d28	савва_1	20.99997	4.068862	6998.291	0.005680496	delete
d28	савва_2	20.5917	4.373413	6998.291	0.006527297	delete
d28	савва_3	18.96027	4.609147	5375.226	0.008012033	delete
d28	савва_cf	20.99997	3.899049	5983.539	0.007010941	delete
d28	санки_1	18.9924	3.789137	5404.834	0.006894662	delete
d28	санки_2	20.33831	3.90889	6793.726	0.005422257	delete
d28	санки_3	20.42804	3.021603	6898.7	0.004168105	delete
d28	санки_cf	20.68334	4.910464	5461.359	0.007315932	delete
d28	сахар_1	20.86536	4.741815	6998.291	0.0059815	
d28	сахар_2	20.41205	4.53895	6879.858	0.006181558	
d28	сахар_3	19.88788	3.969113	6293.079	0.00591797	
d28	сахар_cf	20.72635	4.279302	5227.185	0.00724639	
d28	саша_1	20.71992	3.374215	6998.291	0.005182368	delete
d28	саша_2	20.68334	3.791579	6998.291	0.005174591	delete
d28	саша_3	20.99997	4.29789	6998.291	0.006341956	delete
d28	саша_cf	20.54296	3.925045	6998.291	0.005818806	delete
d28	сэндвич_1	19.4589	3.207904	5851.648	0.005059117	delete
d28	сэндвич_2	20.99997	3.400163	6998.291	0.003817693	delete
d28	сэндвич_3	20.90661	3.752397	6319.995	0.005324134	delete
d28	сэндвич_cf	20.79219	4.776843	6998.291	0.006249394	delete
d28	сэр_1	19.38805	1.772578	5781.665	0.003137163	delete
d28	сэр_2	20.44852	4.73295	6922.925	0.005617323	delete
d28	сэр_3	20.99997	2.562114	6998.291	0.003766945	delete
d28	сэр_cf	20.87571	4.716459	5972.772	0.008407448	delete
d30	колбаса_1	19.17061	4.520786	5571.716	0.005538402	delete
d30	коса_1	19.64575	7.858733	6040.063	0.008521411	
d30	коса_2	19.68767	9.963839	6083.13	0.010568866	
d30	коса_3	19.73966	7.544964	6136.963	0.008046567	
d30	осанка_1	19.71372	11.841527	6110.046	0.009520325	
d30	осанка_2	19.15357	4.908399	5555.566	0.005621401	
d30	осанка_3	19.75	9.518102	6147.729	0.010338493	
d30	осанка_cf	19.75	6.040068	6147.729	0.007072734	
d30	посад_1	19.66151	7.832919	6056.213	0.008788368	delete
d30	посад_2	19.75	8.177674	6147.729	0.008932277	delete
d30	посад_3	19.79633	7.987575	6196.179	0.008868774	delete
d30	посад_cf	19.86766	9.568914	6271.545	0.010215386	delete
d30	савва_1	19.80145	8.842024	6201.562	0.009787653	delete
d30	савва_2	19.66675	7.360779	6061.597	0.007691128	delete
d30	савва_3	19.71892	8.96456	6115.43	0.009535999	delete
d30	савва_cf	19.76549	8.402951	6163.879	0.009189703	delete
d30	санки_1	19.88283	6.222062	6287.695	0.007174983	delete
d30	санки_2	19.78093	5.927145	6180.029	0.006624012	delete
d30	санки_3	19.67199	7.787902	6066.98	0.008498905	delete
d30	санки_cf	19.70332	7.590544	6099.28	0.008034826	delete
d30	сахар_1	19.75	6.338927	6147.729	0.007306187	
d30	сахар_2	19.56104	10.042319	5953.931	0.011906993	
d30	сахар_3	19.38805	9.430102	5781.665	0.011230613	
d30	саша_1	19.87778	8.020186	6282.312	0.008708672	delete
d30	саша_2	19.8219	8.988125	6223.096	0.010255879	delete
d30	саша_3	19.72411	10.047731	6120.813	0.010964748	delete
d30	саша_cf	19.74483	10.979071	6142.346	0.011608697	delete
d30	сэндвич_1	19.96806	7.656955	6379.211	0.008837053	delete
d30	сэр_1	19.75517	8.732653	6153.113	0.009847485	delete
d30	сэр_2	19.73707	8.358393	6134.271	0.009879914	delete
d30	сэр_3	19.8168	10.225349	6217.712	0.011435387	delete
d30	сэр_cf	19.66151	8.576778	6056.213	0.009349984	delete
d33	глясе_1	19.18043	10.7821	5581.055	0.01538604	delete
d33	глясе_2	19.45488	9.628954	5847.656	0.013270595	delete
d33	глясе_3	19.41045	10.651424	5803.711	0.014850989	delete
d33	глясе_cf	19.34772	11.209075	5742.188	0.015691687	delete
d33	колбаса_1	18.81611	8.998673	5244.141	0.013053388	delete
d33	колбаса_2	18.74405	10.238088	5179.688	0.015737847	delete
d33	колбаса_3	19.04027	12.80054	5449.219	0.01812806	delete
d33	колбаса_cf	19.23261	11.862582	5630.859	0.016565566	delete
d33	коса_1	19.60073	8.250799	5994.141	0.010687185	
d33	коса_2	19.02767	13.293366	5437.5	0.018767887	
d33	коса_3	18.18055	9.510921	4699.219	0.01325645	
d33	коса_cf	19.73755	8.54898	5994.141	0.011491622	
d33	осанка_1	19.25701	9.5265	5654.297	0.013143384	
d33	осанка_2	19.21424	10.4664	5613.281	0.014571977	
d33	осанка_3	19.43715	7.66336	5830.078	0.008990515	
d33	осанка_cf	19.12162	10.481588	5525.391	0.014273774	
d33	посад_1	19.25092	8.779659	5648.438	0.012610513	delete
d33	посад_2	18.99605	9.929242	5408.203	0.013898877	delete
d33	посад_3	19.54281	9.90627	5935.547	0.013280301	delete
d33	посад_cf	19.56604	8.761528	5958.984	0.011898031	delete
d33	савва_1	19.1989	10.862794	5598.633	0.015054508	delete
d33	савва_2	18.74405	12.755498	5179.688	0.01875883	delete
d33	савва_3	19.25397	10.78072	5651.367	0.011159516	delete
d33	савва_cf	19.57763	10.056333	5970.703	0.013537528	delete
d33	санки_1	19.50193	12.380351	5894.531	0.015964191	delete
d33	санки_2	18.56041	12.107656	5018.555	0.013448472	delete
d33	санки_3	19.83259	6.11195	5355.469	0.008112757	delete
d33	санки_cf	19.0967	10.409097	5501.953	0.014739252	delete
d33	сахар_1	18.51965	11.682293	4983.398	0.017718481	
d33	сахар_2	18.46835	10.802832	4939.453	0.014341803	
d33	сахар_3	18.40625	10.535388	4886.719	0.012685225	
d33	сахар_cf	18.80959	9.961063	5238.281	0.013678235	
d33	саша_1	19.35372	10.246636	5748.047	0.013912622	delete
d33	саша_2	18.81611	9.170556	5244.141	0.010413271	delete
d33	саша_3	19.05914	11.208847	5466.797	0.016097385	delete
d33	саша_cf	18.97064	10.107813	5384.766	0.015102468	delete
d33	сэндвич_1	18.6512	11.97391	5097.656	0.012036797	delete
d33	сэндвич_2	18.91953	11.981716	5337.891	0.017374566	delete
d33	сэндвич_3	18.62443	11.956938	5074.219	0.017733577	delete
d33	сэндвич_cf	18.92594	8.519333	5343.75	0.012440273	delete
d33	сэр_1	19.41936	10.953191	5812.5	0.014706573	delete
d33	сэр_2	19.35072	10.347176	5745.117	0.011974672	delete
d33	сэр_3	19.21731	10.408835	5616.211	0.014001257	delete
d33	сэр_cf	19.02135	11.356219	5431.641	0.01599179	delete
d44	волосы_1	19.30529	1.3630439	5700.916	0.0016549971	delete
d44	волосы_2	19.55571	2.0322301	5948.547	0.002026879	delete
d44	волосы_3	19.92811	1.0607808	1857.239	0.0143136545	delete
d44	волосы_4	19.63523	4.6351381	5996.997	0.0024832756	delete
d44	глясе_1	19.8372	5.8190942	5996.997	0.0018091944	delete
d44	глясе_2	19.85752	2.6332103	5996.997	0.0020592186	delete
d44	глясе_3	18.99822	1.5383067	5410.217	0.0020616473	delete
d44	глясе_4	19.32192	6.7685552	5717.065	0.0021015975	delete
d44	колбаса_1	19.93312	1.4978073	5996.997	0.0018772753	delete
d44	колбаса_2	16.61687	6.5438419	3574.512	0.0128925409	delete
d44	колбаса_3	19.79633	1.5427526	3472.229	0.0038510053	delete
d44	колбаса_4	19.99784	2.2355512	5523.267	0.003290629	delete
d44	коса_1	17.99369	3.0117307	4548.889	0.0035440239	
d44	коса_2	19.2886	2.9994776	5684.766	0.0044150024	
d44	коса_3	19.89797	2.4842448	5996.997	0.0028470371	
d44	коса_4	19.62469	1.6247524	5996.997	0.0020109739	
d44	осанка_1	19.69811	1.2530654	3746.777	0.0102015945	
d44	осанка_2	19.77064	2.4445298	5996.997	0.0033207763	
d44	осанка_3	19.70332	4.0467253	5996.997	0.0044424504	
d44	осанка_4	19.54503	2.8422434	5937.781	0.0032175743	
d44	посад_1	19.7912	2.2285805	5996.997	0.0029754209	delete
d44	посад_2	16.54742	7.3883664	3531.445	0.005035485	delete
d44	посад_3	19.99784	1.7372152	4188.208	0.0043227626	delete
d44	посад_4	19.99288	2.7749796	5996.997	0.0033862202	delete
d44	савва_1	19.55571	2.2249929	5948.547	0.0034693139	delete
d44	савва_2	19.7912	0.574932	4801.904	0.0019993469	delete
d44	савва_3	19.61412	2.7476537	5996.997	0.0034799946	delete
d44	савва_4	18.98657	3.7070712	5399.451	0.0059032215	delete
d44	санки_1	19.80145	2.8019286	5996.997	0.002708251	delete
d44	санки_2	19.39352	1.8540715	5787.048	0.0028791036	delete
d44	санки_3	19.99784	2.1098233	5996.997	0.0024255507	delete
d44	санки_4	19.66151	2.5513873	5996.997	0.0025448376	delete
d44	сахар_1	19.71372	3.477379	5996.997	0.0034869829	
d44	сахар_2	19.94812	2.9062499	5996.997	0.0029620309	
d44	сахар_3	19.99784	3.0442669	5996.997	0.0029687221	
d44	сахар_4	19.99784	2.4925508	5996.997	0.0026693919	
d44	саша_1	18.16784	3.6390714	4688.855	0.0036555131	delete
d44	саша_2	19.34404	4.9612463	5738.599	0.005339571	delete
d44	саша_3	19.49673	4.9937775	5889.331	0.0073472701	delete
d44	саша_4	19.8372	2.4107482	5996.997	0.0031202716	delete
d44	сэконд-хэнд_1	19.99784	6.0707901	5996.997	0.000601543	delete
d44	сэконд-хэнд_2	19.99784	1.4214575	5996.997	0.0009085073	delete
d44	сэконд-хэнд_3	19.99784	2.6622423	5900.098	0.0022469744	delete
d44	сэконд-хэнд_4	19.99784	2.9881511	2094.104	0.0096289942	delete
d44	сэндвич_1	19.76549	0.8705903	5996.997	0.0013301305	delete
d44	сэндвич_2	19.99784	0.8799696	4182.825	0.0066794384	delete
d44	сэндвич_3	19.84229	2.406807	5996.997	0.0018402987	delete
d44	сэндвич_4	19.7293	1.7028127	5996.997	0.0022237638	delete
d44	сэр_1	19.79633	2.5128149	5996.997	0.0023372377	delete
d44	сэр_2	16.05256	6.5390479	3240.747	0.0063440959	delete
d44	сэр_3	19.84737	4.2471474	5996.997	0.0047992234	delete
d44	сэр_4	19.48595	3.2304055	5878.564	0.0035628471	delete
d44	часа_1	17.68037	2.5390006	4306.641	0.0040078484	delete
d44	часа_2	19.75	1.1848835	4355.09	0.0039330784	delete
d44	часа_3	19.7912	0.8991021	5996.997	0.0018190673	delete
d44	часа_4	19.99784	1.7419194	5996.997	0.0019689161	delete
d45	ħisap_1	21.7448	4.483712	8724.609	0.004003959	
d45	ħisap_2	21.66967	4.136572	8601.562	0.003687658	
d45	ħisap_3	21.69132	4.864173	8636.719	0.004443784	
d45	ħisap_cf	21.66967	5.469269	8601.562	0.005038854	
d45	nəsɐ_1	20.49029	6.687813	6972.656	0.006588598	delete
d45	nəsɐ_2	20.48539	8.225157	6966.797	0.008565414	delete
d45	nəsɐ_3	20.51473	8.318478	7001.953	0.008766156	delete
d45	nəsɐ_cf	20.50497	7.075478	6990.234	0.007311884	delete
d45	qjəsədzjə_1	21.51766	6.759975	8361.328	0.006285458	delete
d45	qjəsədzjə_2	20.37124	10.173519	6832.031	0.011354291	delete
d45	qjəsədzjə_3	19.17118	14.52753	5572.266	0.018703809	delete
d45	qjəsədzjə_cf	21.56289	5.800316	8431.641	0.005204745	delete
d45	sabəj_1	21.99866	4.946742	6744.141	0.010947877	
d45	sabəj_2	21.99866	6.233248	8994.141	0.005381356	
d45	sabəj_3	21.99541	5.843754	8994.141	0.004894865	
d45	sabəj_cf	21.99866	5.545542	8994.141	0.004631739	
d45	sabəjə_1	21.31845	6.444303	8062.5	0.00612225	
d45	sabəjə_2	21.29425	6.257674	8027.344	0.006024064	
d45	sabəjə_3	21.91649	5.15938	8994.141	0.00449843	
d45	sabəjə_cf	19.66383	8.420001	6058.594	0.009859141	
d45	sapɐ_1	21.66967	5.8874	8601.562	0.00556761	
d45	sapɐ_2	20.44351	6.23464	6916.992	0.006852042	
d45	sapɐ_3	20.48294	4.480828	6963.867	0.004718367	
d45	sapɐ_4	20.50497	6.406705	6990.234	0.007070793	
d45	sɐŝ'ə_1	21.48334	5.93495	8308.594	0.005673186	delete
d45	sɐŝ'ə_2	21.53092	6.276131	8381.836	0.00610313	delete
d45	sɐŝ'ə_3	21.42144	6.387596	8214.844	0.002506506	delete
d45	sɐŝ'ə_cf	21.56476	6.993756	8434.57	0.006789254	delete
d45	sɐχɐ_1	21.67871	5.998869	8616.211	0.005416553	delete
d45	sɐχɐ_2	21.67329	6.398361	8607.422	0.005997667	delete
d45	sɐχɐ_3	21.62958	6.140848	8537.109	0.005492134	delete
d45	sɐχɐ_cf	21.73595	6.403037	8709.961	0.005860421	delete
d45	səʒɐ_1	21.48142	7.341219	8305.664	0.006837692	delete
d45	səʒɐ_2	20.47557	8.164376	6955.078	0.008464878	delete
d45	səʒɐ_3	21.42729	6.289091	8223.633	0.005687725	delete
d45	səʒɐ_cf	21.46218	5.796796	8276.367	0.004999671	delete
d46	ħisap_1	20.71051	8.783856	7242.188	0.009256192	
d46	ħisap_2	20.69646	7.210725	7224.609	0.007734797	
d46	ħisap_3	20.64459	6.132891	7160.156	0.006623644	
d46	ħisap_cf	20.71518	7.888243	7248.047	0.008189628	
d46	nəsɐ_1	20.56807	10.474183	7066.406	0.010753675	delete
d46	nəsɐ_2	20.60888	10.112018	7116.211	0.01066026	delete
d46	nəsɐ_3	20.58972	10.594128	7092.773	0.011083774	delete
d46	nəsɐ_cf	20.61365	10.275616	7122.07	0.01090742	delete
d46	qjəsədzjə_1	20.6706	7.66676	7192.383	0.007887512	delete
d46	qjəsədzjə_2	20.62796	7.029847	7139.648	0.007202859	delete
d46	qjəsədzjə_3	20.56566	7.565642	7063.477	0.007890467	delete
d46	qjəsədzjə_cf	20.68708	6.963494	7998.047	0.005968142	delete
d46	sabəj_1	20.73847	9.710557	7277.344	0.010514889	
d46	sabəj_2	20.68237	7.602834	7207.031	0.008168851	
d46	sabəj_3	20.69177	8.171631	7218.75	0.008508512	
d46	sabəj_cf	20.74311	9.248527	7283.203	0.009862731	
d46	sabəjə_1	20.99983	7.616451	7652.344	0.007496597	
d46	sabəjə_2	19.89876	9.207605	6304.688	0.010454027	
d46	sabəjə_3	20.93378	5.971939	7529.297	0.00612112	
d46	sabəjə_cf	20.78928	8.346223	7341.797	0.008777398	
d46	sapɐ_1	20.83723	7.679641	7403.32	0.0080627	
d46	sapɐ_2	20.55842	8.074592	7054.688	0.008627744	
d46	sapɐ_3	20.85762	7.454931	7429.688	0.007784279	
d46	sapɐ_cf	20.70583	7.184621	7236.328	0.007644095	
d46	sɐɕɐ_1	20.26982	9.782592	6714.844	0.010826738	delete
d46	sɐɕɐ_2	20.18722	9.631688	6621.094	0.010594283	delete
d46	sɐɕɐ_3	20.17941	7.852178	6612.305	0.008544465	delete
d46	sɐɕɐ_cf	20.08479	10.860463	6506.836	0.01219884	delete
d46	sɐŝ'ə_1	20.59212	9.513203	7095.703	0.010122336	delete
d46	sɐŝ'ə_2	20.58972	8.104619	7092.773	0.008787596	delete
d46	sɐŝ'ə_3	20.61365	8.739493	7122.07	0.009316858	delete
d46	sɐŝ'ə_cf	20.60888	10.068234	7116.211	0.010315074	delete
d46	sɐχɐ_1	20.21317	7.48131	6650.391	0.008436743	delete
d46	sɐχɐ_2	20.6017	7.339116	7107.422	0.007581063	delete
d46	sɐχɐ_3	20.66116	7.139907	7180.664	0.007454535	delete
d46	sɐχɐ_cf	20.77778	8.052051	7327.148	0.008234269	delete
d46	səʒɐ_1	20.70349	5.541269	7233.398	0.006275428	delete
d46	səʒɐ_2	20.65879	5.025276	7177.734	0.005601035	delete
d46	səʒɐ_3	20.77778	5.613672	7327.148	0.006345663	delete
d46	səʒɐ_cf	19.9506	9.328578	6360.352	0.010324906	delete
d48	ħisap_1	20.17159	8.5058911	7998.047	0.006282766	
d48	ħisap_2	19.88778	7.7351295	6292.969	0.008888654	
d48	nəsɐ_1	20.99983	5.3089502	7863.281	0.005476991	delete
d48	nəsɐ_2	20.58732	6.7585779	7998.047	0.007182502	delete
d48	nəsɐ_3	20.61604	4.1682781	7998.047	0.00462935	delete
d48	nəsɐ_cf	20.48539	5.6856725	7951.172	0.005607823	delete
d48	qjəsədzjə_1	20.50008	5.6519167	6984.375	0.006027981	delete
d48	qjəsədzjə_2	20.45587	8.4982468	6931.641	0.009077581	delete
d48	qjəsədzjə_3	19.9858	7.858045	6398.438	0.00899791	delete
d48	qjəsədzjə_cf	20.45587	7.7725849	6931.641	0.00863773	delete
d48	sabəj_1	20.31063	4.9147152	6761.719	0.004487538	
d48	sabəj_2	20.18462	6.6099508	6618.164	0.006884147	
d48	sabəj_3	19.4902	8.9315253	5882.812	0.009933434	
d48	sabəj_cf	20.19762	4.3755863	6632.812	0.005460702	
d48	sabəjə_1	20.45093	4.6791809	6925.781	0.005292269	
d48	sabəjə_2	19.92064	6.5765625	6328.125	0.007736928	
d48	sabəjə_3	20.00736	7.4737308	6421.875	0.008641032	
d48	sabəjə_cf	20.21317	8.8381816	7998.047	0.004473048	
d48	sapɐ_1	20.43112	7.1975661	6902.344	0.007699218	
d48	sapɐ_2	20.99983	5.8440285	7998.047	0.005357791	
d48	sapɐ_3	20.44104	7.3962383	6914.062	0.008091876	
d48	sapɐ_cf	20.45093	9.276941	7998.047	0.008971019	
d48	sɐɕɐ_1	20.30554	-0.5651129	6755.859	0.01900037	delete
d48	sɐɕɐ_2	17.78825	24.6189918	4388.672	0.044436749	delete
d48	sɐɕɐ_3	20.18722	8.8798165	7998.047	0.006530996	delete
d48	sɐɕɐ_cf	20.99983	6.6028665	7998.047	0.006038154	delete
d48	sɐŝ'ə_1	20.41622	5.5307497	6884.766	0.006149396	delete
d48	sɐŝ'ə_2	20.39128	7.2118597	6855.469	0.008122725	delete
d48	sɐŝ'ə_3	20.45093	3.7467267	6925.781	0.003729241	delete
d48	sɐŝ'ə_cf	17.81873	22.3453892	4412.109	-0.001422642	delete
d48	sɐχɐ_1	20.99983	6.3778598	7998.047	0.006713799	delete
d48	sɐχɐ_2	20.40626	5.1465758	6873.047	0.004842611	delete
d48	sɐχɐ_3	20.43608	6.1157839	6908.203	0.006726107	delete
d48	sɐχɐ_cf	20.46573	8.2432489	6943.359	0.009559467	delete
d48	səʒɐ_1	20.40377	6.3001675	6870.117	0.00722914	delete
d48	səʒɐ_2	20.42864	9.7865765	6899.414	0.010522181	delete
d48	səʒɐ_3	20.40377	7.9726752	6870.117	0.009253322	delete
d48	səʒɐ_cf	20.49274	5.8970297	7998.047	0.004630065	delete
d6	sajkanə_1	19.8321	3.858616	6233.862	0.004745786	
d6	sajkanə_2	19.87778	2.757375	6282.312	0.003761383	
d6	sajkət _2	19.76549	2.887173	6163.879	0.004212323	
d6	sajkət_1	19.75	3.073138	6147.729	0.004332971	
d7	sajkač'kənə_1	19.85752	5.470747	6260.779	0.006576705	
d7	sajkač'kənə_2	19.72411	6.089538	6120.813	0.008037444	
d7	sajkač'kənə_3	19.85245	6.706781	6255.396	0.008746006	
d7	sajkatənə_1	19.82701	6.537636	6228.479	0.00842094	
d7	sajkatənə_2	19.65626	6.388691	6050.83	0.009329191	
d7	sajkatənə_3	19.7293	6.895624	6126.196	0.009857438	
d7	sajkomənə_1	19.41539	7.44406	5808.582	0.009680964	
d7	sajkomənə_2	19.7293	6.604323	6126.196	0.008441716	
d8	sajkač'ke_1	20.14917	4.75424	6578.394	0.007962292	
d8	sajkač'ke_2	21.99475	4.067984	6772.192	0.00510428	
d8	sajkač'ke_3	20.14435	3.22813	6573.01	0.00305423	
d8	sajkišʼkənə_1	21.2563	5.099042	7972.668	0.00473859	
d8	sajkišʼkənə_2	22.47724	1.334592	7865.002	0.003416343	
d8	sajkišʼkənə_3	22.47478	3.544798	7848.853	0.005258598	
d9	sajkanə_1	19.07348	6.448246	5480.2	0.006939169	
d9	sajkanə_2	20.05691	4.071716	6476.111	0.004400083	
d9	sajkanə_3	18.85698	6.251522	5281.018	0.007313626	
d9	sajkanə_4	18.8748	7.748794	5297.168	0.009240977	
d9	sajkanə_5	19.7293	5.984172	6126.196	0.006319026	
d9	sajkaz_1	19.10793	8.245385	5512.5	0.010098778	
d9	sajkaz_2	19.14788	5.925021	5550.183	0.007639257	
d9	sajkət_1	19.7293	3.867418	6126.196	0.003225974	
d9	sajkət_2	19.61412	5.08414	6007.764	0.004895362	
d9	sajkət_3	19.08498	8.141698	5490.967	0.009132962	
