dictor	value	max_Bark	slope_Bark	max_Hertz	slope_Hertz	soundname	cog	sd	skewness	kurtosis	utterance	language	stimulus	cog_Bark	sd_bark	sd_distance
d16	sajna_1	13.98962	2.0944253	2298.669	0.007311427	nanai_d16_sajna	5524.253774693338	4136.655160658688	0.4070734927550444	-0.7919915856839723	1	nanai	sajna	19.120415795313168	17.450469108872632	1.9612575121286682
d19	nəsasaqen_3	19.1989	7.729749	5598.633	0.010075316	chukchi_d19	4661.033704681433	3532.154592642241	-0.1528263392302564	-1.2640286286510432	3	chukchi	nəsasaqen	18.13359969434143	16.548575063240495	0.9617925663881123
d19	nəsasaqen_5	19.00986	7.726034	5420.984	0.010207696	chukchi_d19	5074.3558548130695	2438.067752453193	-0.977515826472982	0.4480403739502403	5	chukchi	nəsasaqen	18.624584927987094	14.35527924235294	0.9617925663881123
d21	nəsasaqen_3	21.69015	4.594186	8634.814	0.004520482	chukchi_d21	8354.51694083662	1446.0831694591575	-3.1609039287837892	15.32980243679799	3	chukchi	nəsasaqen	21.513249945057147	10.953064354694936	0.9617925663881123
d16	sajrakta_2	13.67212	1.2055381	2185.62	0.004352672	nanai_d16_sajrakta	385.6062121673059	1270.0261954429207	7.7158543079156	84.49265048783202	2	nanai	sajrakta	3.715270977932164	10.080463458917764	1.9612575121286682
d19	nəsasaqen2_2	7.505182	-4.02883	850.5615	0.0153626	chukchi_d19	2688.907648070705	2970.3130208805333	0.6733143916133909	-0.9370618388241856	2	chukchi	nəsasaqen2	14.951698959080117	15.54387649133294	0.9617925663881123
d21	nəsasaqen2_2	19.8626	15.97549	6266.162	0.01707055	chukchi_d21	8008.311755266205	2711.084883826913	-1.4549099815121147	2.1619328485326106	2	chukchi	nəsasaqen2	21.281086024897526	15.001078113903588	0.9617925663881123
d48	sapɐ_3	20.44104	7.3962383	6914.062	0.008091876	adyghe_d48	8368.085373054566	2455.181265479587	0.9772491333589998	5.133505455787713	3	adyghe	sapɐ	21.522037547735422	14.398363615783877	0.6589451106960579
d13	giasa_1	18.05451	7.850265	4597.339	0.012730979	nanai_d13_giasa	2808.7410760683783	2644.7561986421224	0.3230456616725971	-0.568731006265029	1	nanai	giasa	15.212734754906494	14.851872889410341	1.9612575121286682
d13	giasa_2	18.79122	5.889827	5221.802	0.008757984	nanai_d13_giasa	2855.7779062949894	3060.3596118748987	0.7635746894430369	0.008203247315461404	2	nanai	giasa	15.311481775685118	15.719133039339233	1.9612575121286682
d13	giasa_3	18.50264	5.941151	4968.787	0.009281772	nanai_d13_giasa	3574.2359664752644	2788.5354809535042	0.0908073413998314	-0.3652926809319461	3	nanai	giasa	16.616429672035753	15.169692180811804	1.9612575121286682
d13	sajna_1	18.76111	5.937889	5194.885	0.010043589	nanai_d13_sajna	5241.695280165606	1678.338627696202	0.12531878456830553	7.040343764430634	1	nanai	sajna	18.813388326105883	11.951799741237442	1.9612575121286682
d13	sajna_2	18.94561	5.18731	5361.768	0.008723354	nanai_d13_sajna	5162.391081423832	1807.3333079418878	-0.19104878369974315	5.930531075483794	2	nanai	sajna	18.72458365601346	12.442597946278253	1.9612575121286682
d13	sajna_3	19.21581	4.257575	5614.783	0.007069899	nanai_d13_sajna	4840.6417327794225	2103.3238728455954	-0.43518734215454025	3.1651476073585734	3	nanai	sajna	18.35150789943196	13.427879378650916	1.9612575121286682
d14	giasa_1	19.46973	10.073459	5862.415	0.012986754	nanai_d14_giasa	6104.805359446375	2019.1864742892294	-0.20470098240571305	6.423244544145723	1	nanai	giasa	19.70865930313562	13.165711412992604	1.9612575121286682
d14	giasa_2	19.50211	7.972033	5894.714	0.010599403	nanai_d14_giasa	6170.472685355856	2821.6230612837653	-0.1680383256217104	2.3582984753810914	2	nanai	giasa	19.771793674328325	15.239978656689587	1.9612575121286682
d14	giasa_3	18.82717	7.396004	5254.102	0.010761725	nanai_d14_giasa	5742.955252527153	2016.231944732498	0.1776855123851436	6.146177603481771	3	nanai	giasa	19.34850661548801	13.156263649529757	1.9612575121286682
d14	sain_1	20.32436	7.334837	6777.576	0.008948626	nanai_d14_sain	6503.991719303343	1835.727470219291	-0.09620103563141205	7.872777669040122	1	nanai	sain	20.082216806779552	12.545204052484074	1.9612575121286682
d14	sain_2	19.7912	7.255952	6190.796	0.009198415	nanai_d14_sain	6303.078660992549	2352.6274045285954	-0.6638399460671255	3.4945306119737642	2	nanai	sain	19.897250112216803	14.134367081313036	1.9612575121286682
d14	sain_3	19.05042	7.908621	5458.667	0.010933016	nanai_d14_sain	6289.55796754761	1677.2902934398148	-1.0137334006628604	8.085937868457535	3	nanai	sain	19.884582154470557	11.947637142569342	1.9612575121286682
d14	sajna_1	19.76549	6.762679	6163.879	0.008906405	nanai_d14_sajna	6567.8173883125155	2723.7349069876254	-0.20122115313715816	2.8909478582701498	1	nanai	sajna	20.139703077623007	15.029021030189623	1.9612575121286682
d14	sajna_2	19.74483	7.448063	6142.346	0.009873983	nanai_d14_sajna	6342.12312942174	2385.918642935598	0.1491377486828275	4.823766870559141	2	nanai	sajna	19.93367526529654	14.221620200021944	1.9612575121286682
d14	sajna_3	18.96905	7.36792	5383.301	0.011147269	nanai_d14_sajna	5710.334038004163	2591.0232424092424	-0.5670500546182388	2.0342624518521104	3	nanai	sajna	19.314994773060864	14.72755211340601	1.9612575121286682
d15	giasa_1	13.21564	2.74824	2034.888	0.010508108	nanai_d15_giasa	6951.132962469391	4363.729989571522	-0.47678471597258104	-1.1627573496378114	1	nanai	giasa	20.472256982452972	17.755651552821643	1.9612575121286682
d15	giasa_2	13.11241	4.240587	2002.588	0.016851257	nanai_d15_giasa	7364.9101019387845	4580.980981940352	-0.6262014200015316	-1.2254325451347967	2	nanai	giasa	20.807355637471108	18.03404402372601	1.9612575121286682
d15	giasa_3	13.43258	3.794124	2104.871	0.014483828	nanai_d15_giasa	5327.287112888062	4779.802925883688	0.14298518916690364	-1.588604282261077	3	nanai	giasa	18.907913695563163	18.278514021460765	1.9612575121286682
d15	sain_1	13.41621	4.128026	2099.487	0.014995819	nanai_d15_sain	7706.179681551802	2053.1780307695512	-0.9888390514832118	2.6478673936246055	1	nanai	sain	21.06563743224955	13.273209161068888	1.9612575121286682
d15	sain_2	13.33357	3.781348	2072.571	0.0141159	nanai_d15_sain	7680.343195090434	2425.1043746331925	-0.8766346736202396	1.4690282258804466	2	nanai	sain	21.04664375917568	14.322390351091151	1.9612575121286682
d15	sajna_1	12.73463	1.8256270000000001	1889.539	0.007290933	nanai_d15_sajna	1408.0576915108647	2871.3444304039613	1.9824323507592492	3.0030014033820525	1	nanai	sajna	10.773685136269787	15.343724848653927	1.9612575121286682
d15	sajna_2	13.09501	2.498583	1997.205	0.010559481	nanai_d15_sajna	6179.611641316661	3476.42067188667	-0.14927896624373369	-0.15232585383246056	2	nanai	sajna	19.78052696897972	16.457331967009026	1.9612575121286682
d15	sajna_3	13.49755	3.871406	2126.404	0.01453277	nanai_d15_sajna	3884.590446413261	3418.4565782265327	0.6512440704620459	-0.3165423461598085	3	nanai	sajna	17.09200721331981	16.360706338660734	1.9612575121286682
d16	giasa_1	13.98962	1.0266164	2298.669	0.003392294	nanai_d16_giasa	2370.4787325010093	3195.4457358532	1.9187553515829017	5.17073668157189	1	nanai	giasa	14.181344372705608	15.970898562416927	1.9612575121286682
d16	giasa_2	11.99931	-0.3456692	1690.356	-0.001171215	nanai_d16_giasa	1329.8686438009174	2491.848357295332	2.5274018491689194	7.917528472881006	2	nanai	giasa	10.389363357635991	14.48942314856889	1.9612575121286682
d16	giasa_3	13.98962	0.7393446	2298.669	0.002184784	nanai_d16_giasa	2156.741551579055	3034.00980112662	1.3066230923078317	1.5371081852164226	3	nanai	giasa	13.587725732614766	15.668492899642551	1.9612575121286682
d16	saji_1	12.56437	2.5564435	1841.089	0.010693373	nanai_d16_saji	5146.369913797398	3997.707852931712	0.12416230839174064	-0.913923474541563	1	nanai	saji	18.70649750167217	17.255648862771082	1.9612575121286682
d16	saji_2	12.80865	1.2463835	1911.072	0.004797154	nanai_d16_saji	558.0123436209316	1703.5315795603567	4.601279321421166	24.01061883746749	2	nanai	saji	5.233662619358847	12.050962437927897	1.9612575121286682
d16	saji_3	12.60266	2.222581	1851.855	0.008931129	nanai_d16_saji	628.7264549611108	1757.5845685146821	4.421245662818704	23.8009478187982	3	nanai	saji	5.819430908414096	12.258219368283404	1.9612575121286682
d16	sajna_1	13.98962	2.0944253	2298.669	0.007311427	nanai_d16_sajna	5524.253774693338	4136.655160658688	0.4070734927550444	-0.7919915856839723	1	nanai	sajna	19.120415795313168	17.450469108872632	1.9612575121286682
d16	sajna_2	13.98962	3.2244187	2298.669	0.011476333	nanai_d16_sajna	4563.905303336259	4416.57937404706	0.8474708009236779	-0.5917418150149416	2	nanai	sajna	18.012604979662424	17.82453015257731	1.9612575121286682
d16	sajna_3	13.98962	1.4062866	2298.669	0.004990068	nanai_d16_sajna	5688.789006804044	4799.579617479013	0.37827473959844066	-1.1757145671705487	3	nanai	sajna	19.292764584572375	18.30233190922621	1.9612575121286682
d16	sajrakta_1	13.11241	1.5493619	2002.588	0.005995013	nanai_d16_sajrakta	2103.4070938628274	2790.312652458687	2.5873460356289857	9.372088452538753	1	nanai	sajrakta	13.428132289375972	15.173493298183356	1.9612575121286682
d16	sajrakta_3	12.77176	4.3354074	1900.305	0.016868522	nanai_d16_sajrakta	2686.6172183896606	2872.7661162219415	2.2887179361790135	9.486103866389973	3	nanai	sajrakta	14.94657044228082	15.34665898203324	1.9612575121286682
d17	nəsasaqen_1	12.9894	4.767027	1964.905	0.018975082	chukchi_d17	5003.255264834301	2503.5513850422512	0.3309078316409939	0.8095900870759878	1	chukchi	nəsasaqen	18.542702454183704	14.518134336610068	0.9617925663881123
d17	nəsasaqen_2	12.84528	5.731073	1921.838	0.024773006	chukchi_d17	4043.7249636860356	3574.833392235399	0.2885979615327313	-1.2882385606499989	2	chukchi	nəsasaqen	17.320898305948038	16.617386735461448	0.9617925663881123
d17	nəsasaqen2_1	8.025049	1.477798	925.9277	0.01081301	chukchi_d17	3938.64572282493	3644.640704272741	0.3977544307142169	-1.2404159110163808	2	chukchi	nəsasaqen2	17.170796778019174	16.728044161115058	0.9617925663881123
d17	nəsasaqen2_2	8.345408	1.747373	974.3774	0.01264705	chukchi_d17	3818.6786850669605	3103.665327804208	0.23599371006779757	-1.0819713275283465	2	chukchi	nəsasaqen2	16.994410128950936	15.801245705281087	0.9617925663881123
d17	sajkok_1	12.9894	2.394127	1997.205	0.008736812	chukchi_d17_saikok	4122.822004555878	2217.874217853727	0.7860252768323726	1.9662457393116668	1	chukchi	sajkok	17.431362907572808	13.764751034777865	0.9617925663881123
d17	sajkok_2	12.46748	6.766647	1814.172	0.028763824	chukchi_d17_saikok	2171.030183982915	2157.4900464674356	1.511325837726787	2.899432653554605	2	chukchi	sajkok	13.629654733680166	13.589930666400226	0.9617925663881123
d19	nəsasaqen_1	18.68219	7.647321	5124.902	0.010340886	chukchi_d19	4996.728062848059	2558.1416451997384	-0.587182085729053	0.2686482768919123	1	chukchi	nəsasaqen	18.535134255866087	14.64987951773496	0.9617925663881123
d19	nəsasaqen_2	19.399	8.39095	5792.432	0.010730815	chukchi_d19	5642.3786910660965	3213.655769121617	-0.4226459806586806	-0.41714285339300794	2	chukchi	nəsasaqen	19.244614675138585	16.0038827426536	0.9617925663881123
d19	nəsasaqen_3	19.1989	7.729749	5598.633	0.010075316	chukchi_d19	4661.033704681433	3532.154592642241	-0.1528263392302564	-1.2640286286510432	3	chukchi	nəsasaqen	18.13359969434143	16.548575063240495	0.9617925663881123
d19	nəsasaqen_4	19.06196	6.476916	5469.434	0.008699494	chukchi_d19	5229.71836498847	2971.248839827451	-0.6224121884620669	-0.5232691578118023	4	chukchi	nəsasaqen	18.80005281424562	15.545730457439614	0.9617925663881123
d19	nəsasaqen_5	19.00986	7.726034	5420.984	0.010207696	chukchi_d19	5074.3558548130695	2438.067752453193	-0.977515826472982	0.4480403739502403	5	chukchi	nəsasaqen	18.624584927987094	14.35527924235294	0.9617925663881123
d19	nəsasaqen_6	19.21581	6.655574	5614.783	0.009019797	chukchi_d19	5363.776882777348	3029.4074418735177	-0.6962663811928631	-0.5003663544816481	6	chukchi	nəsasaqen	18.947803925872076	15.659594156739692	0.9617925663881123
d19	nəsasaqen2_1	7.768423	2.588034	888.2446	0.01898735	chukchi_d19	4104.880668216859	2748.0754981781765	-0.23012205013430767	-1.009600501068642	2	chukchi	nəsasaqen2	17.4064894603207	15.082339327681249	0.9617925663881123
d19	nəsasaqen2_3	19.29973	5.968042	5695.532	0.008232641	chukchi_d19	5360.448125996683	2436.274865462027	-0.8005649172781736	0.5808992094337646	2	chukchi	nəsasaqen2	18.94417495940392	14.350743636071588	0.9617925663881123
d19	nəsasaqen2_4	19.22706	5.71683	5625.549	0.007854272	chukchi_d19	3373.6651356269554	3104.0913524914304	0.1708078775784105	-1.4531726421211302	2	chukchi	nəsasaqen2	16.28477776631651	15.802046754053553	0.9617925663881123
d19	nəsasaqen2_5	18.88073	5.084911	5302.551	0.007700707	chukchi_d19	4836.077425763096	2303.7394076903206	-0.8404944245302319	0.42769820699247374	2	chukchi	nəsasaqen2	18.346059986598586	14.003398059258728	0.9617925663881123
d19	nəsasaqen2_6	18.9632	5.2833310000000004	5377.917	0.007740874	chukchi_d19	4287.475751950291	2743.4733329120354	-0.4460846865787874	-0.8284479335445218	2	chukchi	nəsasaqen2	17.65488335099965	15.072303018730041	0.9617925663881123
d19	sajkok_1	18.58373	8.716651	5038.77	0.011095543	chukchi_d19_saikok	7439.904773656311	2778.3393502645044	-0.6112252658827904	-0.08394471850309992	1	chukchi	sajkok	20.86549627582759	15.147826431609214	0.9617925663881123
d19	sajkok_2	19.00986	7.828311	5420.984	0.010123379	chukchi_d19_saikok	7011.867730573917	2111.436868069214	-0.2876600923207572	1.1613316269163345	2	chukchi	sajkok	20.52297817334468	13.452477188326904	0.9617925663881123
d19	sajkok_3	19.04464	3.891744	5453.284	0.005784131	chukchi_d19_saikok	5159.85293022742	2304.4438960889925	-0.6840958786325017	0.87339142702564	3	chukchi	sajkok	18.721721654351633	14.005309953698667	0.9617925663881123
d19	sajkok_4	19.07924	7.483254	5485.583	0.010427942	chukchi_d19_saikok	5748.9481037370815	1592.5574482397856	-0.18121324887529794	4.5308888028884695	4	chukchi	sajkok	19.35464393668445	11.601288702194966	0.9617925663881123
d20	nəsasaqen_1	21.4678	4.503656	8284.9	0.004771879	chukchi_d20	7329.713462454915	3453.1093344593905	-1.241490935036026	0.3384725567651672	1	chukchi	nəsasaqen	20.779797370961045	16.418688902319214	0.9617925663881123
d20	nəsasaqen_2	21.53783	4.092904	8392.566	0.004213794	chukchi_d20	7746.907243166132	2822.827675210604	-2.036865367580521	2.9279254281090354	2	chukchi	nəsasaqen	21.095394273811596	15.242518484681066	0.9617925663881123
d20	nəsasaqen_3	22.07982	5.063023	9313.11	0.00489238	chukchi_d20	8829.356064298961	1789.268038616124	-3.6504699801774483	15.062858127996044	3	chukchi	nəsasaqen	21.807332204475834	12.376332363260262	0.9617925663881123
d20	nəsasaqen_4	22.1818	5.26517	9506.909	0.004659547	chukchi_d20	6056.190933668322	4327.05749677466	-0.4778388682280353	-1.5026621094127122	4	chukchi	nəsasaqen	19.6614860021759	17.70739776176707	0.9617925663881123
d20	nəsasaqen2_1	8.025049	3.505343	925.9277	0.02540737	chukchi_d20	5163.04885410381	4055.2570494841775	-0.16464163935599366	-1.7921227007855707	2	chukchi	nəsasaqen2	18.725325153916163	17.337135013759106	0.9617925663881123
d20	nəsasaqen2_2	8.025049	2.203026	925.9277	0.01606821	chukchi_d20	6876.501944087026	3350.645519917104	-1.1330067716773171	-0.15829026692636905	2	chukchi	nəsasaqen2	20.409198294917086	16.245313220932637	0.9617925663881123
d20	nəsasaqen2_3	21.99475	4.580413	9156.995	0.004657036	chukchi_d20	8438.12225193818	2265.8621644407663	-2.848097468893313	7.435615846477086	2	chukchi	nəsasaqen2	21.567030642548843	13.899515794427927	0.9617925663881123
d20	nəsasaqen2_4	22.19841	4.541266	9539.209	0.004392471	chukchi_d20	7502.173543752602	2768.974474326734	-1.8285421002972575	2.25415229209099	2	chukchi	nəsasaqen2	20.913175459576735	15.12765622480671	0.9617925663881123
d20	sajkok_1	21.49248	5.027309	8322.583	0.005157644	chukchi_d20_saikok	7876.313208096836	1935.1661891556023	-2.6530378202046623	8.307476443802454	1	chukchi	sajkok	21.188458247696357	12.890293858485867	0.9617925663881123
d20	sajkok_2	22.13131	4.794427	9410.01	0.004654344	chukchi_d20_saikok	8666.504164120664	1463.1662074540852	-2.54579011671864	12.13678381114205	2	chukchi	sajkok	21.709546744968435	11.032106146416897	0.9617925663881123
d20	sajkok_3	21.34901	5.669301	8107.251	0.005979206	chukchi_d20_saikok	7842.888851610557	1312.9025673734745	-2.1515938019860434	11.512868122950437	3	chukchi	sajkok	21.164635900808445	10.303118860427631	0.9617925663881123
d20	sajkok_4	21.95574	4.397124	9087.012	0.004354044	chukchi_d20_saikok	8131.785003881064	1681.032318354806	-2.7074531812941074	10.211078726462615	4	chukchi	sajkok	21.3656587125699	11.96248215847653	0.9617925663881123
d21	nəsasaqen_1	21.64018	4.587914	8554.065	0.004505766	chukchi_d21	8306.934407526274	1939.7935961297067	-1.915788174634486	6.5397422883838505	1	chukchi	nəsasaqen	21.48224995038705	12.905835098603019	0.9617925663881123
d21	nəsasaqen_2	21.71976	4.962661	8683.264	0.005078816	chukchi_d21	8721.737027504594	1949.6151767026413	-2.8816928097284884	10.207235338405095	2	chukchi	nəsasaqen	21.743064560297494	12.938673955831483	0.9617925663881123
d21	nəsasaqen_3	21.69015	4.594186	8634.814	0.004520482	chukchi_d21	8354.51694083662	1446.0831694591575	-3.1609039287837892	15.32980243679799	3	chukchi	nəsasaqen	21.513249945057147	10.953064354694936	0.9617925663881123
d21	nəsasaqen2_1	20.13471	12.27917	6562.244	0.01254575	chukchi_d21	5199.181218790958	4093.462130651577	-0.019032123281168285	-1.6280066620941736	2	chukchi	nəsasaqen2	18.76592949418925	17.39060380731487	0.9617925663881123
d21	nəsasaqen2_3	21.60981	4.546673	8505.615	0.004471732	chukchi_d21	7195.275892013358	2877.235677971428	-1.4076967386170525	1.077423403268103	2	chukchi	nəsasaqen2	20.672927327546883	15.355871945206006	0.9617925663881123
d21	sajkok_1	20.05201	-3.837584	6470.728	0.003612158	chukchi_d21_saikok	5370.005077231827	3169.2386206504357	-0.462131926848003	-0.6943618573706387	1	chukchi	sajkok	18.954588452976196	15.923043273835594	0.9617925663881123
d21	sajkok_2	21.61659	2.953227	8516.382	0.003068032	chukchi_d21_saikok	7392.089576411408	2750.6430147178157	-1.2552997086032198	1.5209523998645826	2	chukchi	sajkok	20.82851773779991	15.08792951483569	0.9617925663881123
d21	sajkok_3	20.56074	5.29943	7057.507	0.006088791	chukchi_d21_saikok	6729.1953091596815	2170.1412780059045	-0.5045263474990302	3.496135172732381	3	chukchi	sajkok	20.282346008544085	13.627056282897263	0.9617925663881123
d21	sajkok_4	22.69248	1.454121	5996.997	0.004542113	chukchi_d21_saikok	8714.50218581965	2711.8769419402684	-1.1313015109697824	1.029121069467128	4	chukchi	sajkok	21.738694869676685	15.00283243480111	0.9617925663881123
d22	nəsasaqen_1	19.58233	8.313721	5975.464	0.009600495	chukchi_d22	7767.51672190979	4478.74219773722	-0.6320355741014081	-0.48787327719827234	1	chukchi	nəsasaqen	21.11036666955237	17.90457760834365	0.9617925663881123
d22	nəsasaqen_2	19.99784	4.56229	6497.644	0.004950117	chukchi_d22	6297.955560134671	3949.680827229714	-0.6604375618426406	-0.8450048978488698	2	chukchi	nəsasaqen	19.892453412001952	17.186746944893667	0.9617925663881123
d22	nəsasaqen_3	19.53433	8.576205	5927.014	0.009966376	chukchi_d22	10082.797704032408	4322.792946420433	-1.161833522977299	0.7794647238141681	3	chukchi	nəsasaqen	22.462386998372384	17.701761608593817	0.9617925663881123
d22	nəsasaqen_4	19.62469	7.786888	6018.53	0.00900062	chukchi_d22	4879.433106380242	4980.418574968359	0.35832159026348936	-1.2390666218096777	4	chukchi	nəsasaqen	18.39762633537041	18.51618554115264	0.9617925663881123
d22	nəsasaqen2_1	19.76033	9.270826	6158.496	0.010651328	chukchi_d22	7634.837681880179	4739.844363713729	-0.3686678931311624	-0.8032722601004867	2	chukchi	nəsasaqen2	21.012969246988607	18.230121622907188	0.9617925663881123
d22	nəsasaqen2_2	19.67722	8.990659	6072.363	0.010189419	chukchi_d22	10514.891832469466	3691.937215235037	-1.22085397942497	1.7482380021950776	2	chukchi	nəsasaqen2	22.65257774106353	16.801735987778294	0.9617925663881123
d22	nəsasaqen2_3	19.84737	12.145178	6250.012	0.013575316	chukchi_d22	9138.148213007227	3624.9718925608086	-0.9727502598644966	0.7163481284976458	2	chukchi	nəsasaqen2	21.984294250032363	16.697097651985025	0.9617925663881123
d22	nəsasaqen2_4	19.4589	11.231254	5851.648	0.013082144	chukchi_d22	9197.091211527817	4095.140185019165	-0.9124739576949998	0.2905285573886398	2	chukchi	nəsasaqen2	22.01685195429352	17.392941054424814	0.9617925663881123
d25	коса_1	19.34404	2.404831	5738.599	0.003650615	russian_d25	7327.277556467836	3046.9097879853102	0.16853853038947286	0.8959503260769988	1	russian	коса	20.77788366497247	15.69334974535371	0.7935465864478237
d25	коса_2	19.79633	2.475617	5996.997	0.003399578	russian_d25	7941.0843698271365	2968.68593493208	-0.135299483058727	0.8364055413317466	2	russian	коса	21.234198569753833	15.540651371419369	0.7935465864478237
d25	коса_3	18.8748	8.83424	5297.168	0.005365193	russian_d25	7172.76270468563	2508.421606349477	0.6048462562087603	1.2434815397081458	3	russian	коса	20.654780169969378	14.530033105035416	0.7935465864478237
d25	коса_cf	18.73087	8.189295	5167.969	0.005564387	russian_d25	7384.43594965777	2869.8555423842313	0.006668286616020413	0.915879621711079	cf	russian	коса	20.822569041733708	15.340650123646673	0.7935465864478237
d25	осанка_1	19.20454	4.679346	5604.016	0.006547124	russian_d25	6045.387186361405	3653.124171500033	0.026320169281661716	-0.43350335512686433	1	russian	осанка	19.65095210682395	16.74133677455615	0.7935465864478237
d25	сахар_1	20.8819	2.908267	5221.802	0.011797055	russian_d25	7899.910858900809	2080.7255712369656	-0.42862934211253656	2.702052210331482	1	russian	сахар	21.20518709819618	13.358743508263302	0.7935465864478237
d25	сахар_2	18.3759	6.790583	4861.121	0.011349865	russian_d25	7533.915320798712	2773.136147520573	0.17885054975759185	0.26258009937240345	2	russian	сахар	20.937273270122088	15.136630040198261	0.7935465864478237
d25	сахар_3	20.99997	2.737289	4694.238	0.010221489	russian_d25	7158.51382272611	2419.2086931788863	-0.08102791968345067	0.8354410997360495	3	russian	сахар	20.643257298650425	14.307359757990117	0.7935465864478237
d25	сахар_cf	19.62996	3.614564	5996.997	0.00525872	russian_d25	6242.609893887405	3497.7463874374066	-0.3254219608878087	-0.22864759898957976	cf	russian	сахар	19.84037739426357	16.492433446868407	0.7935465864478237
d28	коса_1	20.99997	3.296951	6998.291	0.00432469	russian_d28	8884.612945306018	2279.0480869069847	-0.16697093611237868	2.3113881367741467	1	russian	коса	21.83980221203346	13.935923907947675	0.7935465864478237
d28	коса_2	20.61149	3.714489	6998.291	0.004863438	russian_d28	7795.003577167423	1872.9830205161184	-0.39930812439685803	4.145535424681627	2	russian	коса	21.13024616772895	12.67703768306295	0.7935465864478237
d28	коса_3	20.65952	4.011253	6998.291	0.005447303	russian_d28	8208.207181671045	1328.952607086754	-0.3687227549869913	7.125623314695233	3	russian	коса	21.41701347938079	10.38473334153519	0.7935465864478237
d28	коса_cf	20.7562	3.468047	6998.291	0.004485268	russian_d28	7794.240447698217	1601.6672180433427	-0.4898668998037651	6.695055830449366	cf	russian	коса	21.129695618047798	11.639485765421426	0.7935465864478237
d28	осанка_1	20.96369	2.150479	6998.291	0.002615143	russian_d28	10130.454842679817	3009.7201100265493	-1.4809356049583993	3.039859250553528	1	russian	осанка	22.484182389604115	15.621345295477067	0.7935465864478237
d28	осанка_2	20.74343	3.288318	6998.291	0.004541581	russian_d28	8443.280542752938	3200.001768194299	-0.6461224075375177	0.8952560679105441	2	russian	осанка	21.570320265858044	15.97917143242661	0.7935465864478237
d28	осанка_3	20.99997	2.841437	6998.291	0.003367697	russian_d28	8642.094425618952	2310.8482212344547	-0.19619607608551679	2.5195732049260444	3	russian	осанка	21.694617256652535	14.022657077559522	0.7935465864478237
d28	осанка_cf	20.74343	3.953274	6201.562	0.006224521	russian_d28	7825.710295182849	1833.1096941779447	0.3916825785870577	2.81904018195081	cf	russian	осанка	21.1523341792267	12.535822423831545	0.7935465864478237
d28	сахар_1	20.86536	4.741815	6998.291	0.0059815	russian_d28	8549.858554140998	2075.0242978400715	-0.24841160306437945	0.9087748301604774	1	russian	сахар	21.637553246152113	13.341155570188226	0.7935465864478237
d28	сахар_2	20.41205	4.53895	6879.858	0.006181558	russian_d28	8697.994345997693	2497.983470719466	-0.332402502113775	0.4111554381597009	2	russian	сахар	21.72870111424802	14.504495478408357	0.7935465864478237
d28	сахар_3	19.88788	3.969113	6293.079	0.00591797	russian_d28	8753.98235597343	2480.2671062746954	0.14730645843766138	-0.017494949487883993	3	russian	сахар	21.76246436476961	14.460844210468986	0.7935465864478237
d28	сахар_cf	20.72635	4.279302	5227.185	0.00724639	russian_d28	9151.097201418219	2624.674031700583	-0.22241932122525718	-0.5129112466631129	cf	russian	сахар	21.991479674600104	14.80578008192686	0.7935465864478237
d30	коса_1	19.64575	7.858733	6040.063	0.008521411	russian_d30	9328.496086136352	2639.633683579237	-1.311144513879983	3.2093169124765417	1	russian	коса	22.08806613628617	14.840157072878318	0.7935465864478237
d30	коса_2	19.68767	9.963839	6083.13	0.010568866	russian_d30	7295.809368018553	2237.5561214950258	-0.3914061503270697	3.0886525020736952	2	russian	коса	20.753086402374727	13.820459008026054	0.7935465864478237
d30	коса_3	19.73966	7.544964	6136.963	0.008046567	russian_d30	7818.424714578981	3361.6321450156956	-0.9811195720155523	0.8799685428529824	3	russian	коса	21.147104960437733	16.26418662667666	0.7935465864478237
d30	осанка_1	19.71372	11.841527	6110.046	0.009520325	russian_d30	7284.443690366298	3448.2045202754775	-0.7987592317581582	0.4059291818331747	1	russian	осанка	20.744095816262355	16.410521386906805	0.7935465864478237
d30	осанка_2	19.15357	4.908399	5555.566	0.005621401	russian_d30	6004.690646669484	3360.3689679159165	-0.43475201268074615	-0.11028583388049418	2	russian	осанка	19.611106754340582	16.26202022412743	0.7935465864478237
d30	осанка_3	19.75	9.518102	6147.729	0.010338493	russian_d30	6908.051049738285	2983.0288966505523	-0.5074260387246106	1.3242538334244331	3	russian	осанка	20.43595417095586	15.569008254328455	0.7935465864478237
d30	осанка_cf	19.75	6.040068	6147.729	0.007072734	russian_d30	5712.034380481051	3414.315106732272	-0.18802421582239223	-0.11534022728169324	cf	russian	осанка	19.3167458989354	16.353732811570254	0.7935465864478237
d30	сахар_1	19.75	6.338927	6147.729	0.007306187	russian_d30	7274.930983438951	3907.1755456956644	-0.6787081925181605	-0.33193324780406286	1	russian	сахар	20.736556965873373	17.125060919645364	0.7935465864478237
d30	сахар_2	19.56104	10.042319	5953.931	0.011906993	russian_d30	6771.95016428047	3926.8773446880996	-0.34467413234039157	-0.4809019795652367	2	russian	сахар	20.319491990386723	17.153737056505488	0.7935465864478237
d30	сахар_3	19.38805	9.430102	5781.665	0.011230613	russian_d30	5732.333989382915	3223.853746716783	-0.3489532492386707	-0.21535260621618457	3	russian	сахар	19.337614724030953	16.022259969848495	0.7935465864478237
d33	коса_1	19.60073	8.250799	5994.141	0.010687185	russian_d33	7324.833265409519	2655.8688124032583	-0.21255461231602876	0.985763329605271	1	russian	коса	20.77596253247718	14.877192159164448	0.7935465864478237
d33	коса_2	19.02767	13.293366	5437.5	0.018767887	russian_d33	5524.034398513446	1307.462150968796	0.7732191537623572	14.001716718640978	2	russian	коса	19.12018291295537	10.275242205195342	0.7935465864478237
d33	коса_3	18.18055	9.510921	4699.219	0.01325645	russian_d33	5979.233141151545	2378.27906651922	0.6470983161154533	1.8008404806313187	3	russian	коса	19.586048406418	14.20173285717075	0.7935465864478237
d33	коса_cf	19.73755	8.54898	5994.141	0.011491622	russian_d33	6491.845051345693	2017.531315233234	-0.6357275373441883	3.5195082096250925	cf	russian	коса	20.0712074210298	13.160420749269162	0.7935465864478237
d33	осанка_1	19.25701	9.5265	5654.297	0.013143384	russian_d33	6776.232959835451	2876.020593159857	-0.32214516279955613	0.9091710024689377	1	russian	осанка	20.323198125450947	15.353369055053566	0.7935465864478237
d33	осанка_2	19.21424	10.4664	5613.281	0.014571977	russian_d33	6256.558040107089	1807.6790096718112	0.3093901610310181	4.260183097008435	2	russian	осанка	19.85354585535378	12.443858491964583	0.7935465864478237
d33	осанка_3	19.43715	7.66336	5830.078	0.008990515	russian_d33	6588.318102261044	2881.613092305498	0.4831454951059339	0.7022747392207989	3	russian	осанка	20.15803835773824	15.364878103458473	0.7935465864478237
d33	осанка_cf	19.12162	10.481588	5525.391	0.014273774	russian_d33	6137.152771866899	2465.18522334249	0.28867110818003533	2.2127628705699305	cf	russian	осанка	19.739842925226004	14.423375537414353	0.7935465864478237
d33	сахар_1	18.51965	11.682293	4983.398	0.017718481	russian_d33	5329.032526790327	1278.001306657205	-0.07977368965318471	11.607980743813664	1	russian	сахар	18.909827271339118	10.122394606999286	0.7935465864478237
d33	сахар_2	18.46835	10.802832	4939.453	0.014341803	russian_d33	5355.259943523858	1410.7160764975697	2.2842708041890414	12.4745662705746	2	russian	сахар	18.938514881278923	10.78638221967006	0.7935465864478237
d33	сахар_3	18.40625	10.535388	4886.719	0.012685225	russian_d33	4968.613874965453	1432.58110400838	0.706162215958653	11.52029053131162	3	russian	сахар	18.502436484606363	10.889918509979873	0.7935465864478237
d33	сахар_cf	18.80959	9.961063	5238.281	0.013678235	russian_d33	5895.230605671223	1809.8145526814112	1.7620596981410435	6.125619094042845	cf	russian	сахар	19.50263002646409	12.451639176954918	0.7935465864478237
d44	коса_1	17.99369	3.0117307	4548.889	0.0035440239	russian_d44	5851.005825725818	2678.5064377788863	-0.3116175694614733	0.8267149522953834	1	russian	коса	19.45825727296369	14.928365883078472	0.7935465864478237
d44	коса_2	19.2886	2.9994776	5684.766	0.0044150024	russian_d44	2654.820246352957	3467.8736043163585	0.9218442329420709	-0.3404204282763983	2	russian	коса	14.874808705105833	16.443196954095864	0.7935465864478237
d44	коса_3	19.89797	2.4842448	5996.997	0.0028470371	russian_d44	1447.2616409819836	2873.9533575349456	1.8012517133445796	2.1105305037802067	3	russian	коса	10.958547458203824	15.349107905005939	0.7935465864478237
d44	коса_4	19.62469	1.6247524	5996.997	0.0020109739	russian_d44	1171.6257091712018	2714.258830886401	2.2628130292789663	4.271165731396721	4	russian	коса	9.542969604441694	15.008104239635998	0.7935465864478237
d44	осанка_1	19.69811	1.2530654	3746.777	0.0102015945	russian_d44	1317.0368721465395	2995.8862434326556	2.233689750997883	3.984929302351534	1	russian	осанка	10.3242309641726	15.594289152761792	0.7935465864478237
d44	осанка_2	19.77064	2.4445298	5996.997	0.0033207763	russian_d44	1452.832114943884	3029.962505206357	2.0956087620250052	3.5168122992609128	2	russian	осанка	10.984404155661922	15.66066823645129	0.7935465864478237
d44	осанка_3	19.70332	4.0467253	5996.997	0.0044424504	russian_d44	1528.379293461817	3281.418144815946	2.272167945958442	4.3444808067776215	3	russian	осанка	11.32533276160595	16.124750573810324	0.7935465864478237
d44	осанка_4	19.54503	2.8422434	5937.781	0.0032175743	russian_d44	4530.679850301687	3748.770791579319	0.08109625893409873	-0.8316193673231442	4	russian	осанка	17.970679780223147	16.88897718319781	0.7935465864478237
d44	сахар_1	19.71372	3.477379	5996.997	0.0034869829	russian_d44	6694.374522736877	2026.5733677969133	0.6579126540424658	6.452553265721219	1	russian	сахар	20.251894189976184	13.189259170801327	0.7935465864478237
d44	сахар_2	19.94812	2.9062499	5996.997	0.0029620309	russian_d44	6690.334840356257	2073.5500511167415	-0.6491999161898054	5.4584510463314935	2	russian	сахар	20.248349774043835	13.336597995665768	0.7935465864478237
d44	сахар_3	19.99784	3.0442669	5996.997	0.0029687221	russian_d44	7071.585444494666	2172.19899319769	0.10940937988410496	4.849704145193151	3	russian	сахар	20.572331115153585	13.633069392090887	0.7935465864478237
d44	сахар_4	19.99784	2.4925508	5996.997	0.0026693919	russian_d44	6231.188659959585	2577.0112419603875	-0.7128587003307788	2.2189252677347087	4	russian	сахар	19.829572298245218	14.694604266363053	0.7935465864478237
d45	ħisap_1	21.7448	4.483712	8724.609	0.004003959	adyghe_d45	1835.0648028751639	3703.9561703404197	1.9088000734387303	2.1963030689930223	1	adyghe	ħisap	12.542830660117053	16.820302889019548	0.6589451106960579
d45	ħisap_2	21.66967	4.136572	8601.562	0.003687658	adyghe_d45	1843.9967077785152	3611.62552107636	1.8515957024476657	1.9800549844819715	2	adyghe	ħisap	12.574736531082864	16.67599598985303	0.6589451106960579
d45	ħisap_3	21.69132	4.864173	8636.719	0.004443784	adyghe_d45	2652.951656170741	4246.919677758576	1.2374705947162112	-0.08781612924277793	3	adyghe	ħisap	14.870558387626541	17.600599151054798	0.6589451106960579
d45	ħisap_cf	21.66967	5.469269	8601.562	0.005038854	adyghe_d45	3099.1954204179774	4518.5746471795155	1.0596650300339252	-0.4958762671834478	cf	adyghe	ħisap	15.79283316218329	17.95533535000926	0.6589451106960579
d45	sabəj_1	21.99866	4.946742	6744.141	0.010947877	adyghe_d45	7984.1540377745905	2886.5990894159404	-0.31046736074928716	1.920552907696151	1	adyghe	sabəj	21.264305916559533	15.375116121482451	0.6589451106960579
d45	sabəj_2	21.99866	6.233248	8994.141	0.005381356	adyghe_d45	9114.667213655033	2460.11676868827	-0.5305431355277267	3.742455921354278	2	adyghe	sabəj	21.971217056559265	14.4107192807542	0.6589451106960579
d45	sabəj_3	21.99541	5.843754	8994.141	0.004894865	adyghe_d45	8511.19399873045	3522.089033414189	-1.1175155734231637	1.198265118909358	3	adyghe	sabəj	21.61332396949366	16.532214011250257	0.6589451106960579
d45	sabəj_cf	21.99866	5.545542	8994.141	0.004631739	adyghe_d45	6011.16288635982	4668.582080078642	-0.17196494194424636	-1.3984783150224123	cf	adyghe	sabəj	19.617461130962123	18.142907463180258	0.6589451106960579
d45	sabəjə_1	21.31845	6.444303	8062.5	0.00612225	adyghe_d45	9694.184532929785	3421.038684800213	-0.6107561769808002	1.133942835881414	1	adyghe	sabəjə	22.276637014102253	16.36504938589907	0.6589451106960579
d45	sabəjə_2	21.29425	6.257674	8027.344	0.006024064	adyghe_d45	9706.884685049512	3742.2118705533503	-0.8124552499968972	0.7886114049330826	2	adyghe	sabəjə	22.282939973409203	16.878980266387934	0.6589451106960579
d45	sabəjə_3	21.91649	5.15938	8994.141	0.00449843	adyghe_d45	9711.502571479283	3221.494330609708	-1.1181650426102168	2.5025658972909968	3	adyghe	sabəjə	22.28522779200973	16.018014185823887	0.6589451106960579
d45	sabəjə_cf	19.66383	8.420001	6058.594	0.009859141	adyghe_d45	2545.877028188515	4217.954619087461	1.3795172499427133	0.3785208918529017	cf	adyghe	sabəjə	14.620588548532043	17.561527100796827	0.6589451106960579
d45	sapɐ_1	21.66967	5.8874	8601.562	0.00556761	adyghe_d45	9785.911122605869	2287.661302383153	-0.9508703229034109	4.222315187607121	1	adyghe	sapɐ	22.32179989823113	13.959564530658902	0.6589451106960579
d45	sapɐ_2	20.44351	6.23464	6916.992	0.006852042	adyghe_d45	8833.181046352649	2272.139896726215	-0.5638002418010856	4.374605707459686	2	adyghe	sapɐ	21.809591312726536	13.91688233352977	0.6589451106960579
d45	sapɐ_3	20.48294	4.480828	6963.867	0.004718367	adyghe_d45	7929.186396804989	3828.4260632546466	-0.771963219855559	0.30061517568315743	3	adyghe	sapɐ	21.225838186136084	17.00895177553408	0.6589451106960579
d45	sapɐ_4	20.50497	6.406705	6990.234	0.007070793	adyghe_d45	8395.198961355603	2906.602750109071	-1.0147166403304473	2.7501327314179482	4	adyghe	sapɐ	21.539528532648866	15.415975787967033	0.6589451106960579
d46	ħisap_1	20.71051	8.783856	7242.188	0.009256192	adyghe_d46	4066.343289987816	4839.204828173599	0.5630535393593159	-1.3473585002158477	1	adyghe	ħisap	17.352701183988266	18.349793314699788	0.6589451106960579
d46	ħisap_2	20.69646	7.210725	7224.609	0.007734797	adyghe_d46	1994.7602358367353	3660.2642838598804	1.5700396598155737	0.8899847113239119	2	adyghe	ħisap	13.08709356040235	16.752499000726097	0.6589451106960579
d46	ħisap_3	20.64459	6.132891	7160.156	0.006623644	adyghe_d46	2600.230013085422	4267.082407050221	1.2182974480651712	-0.2816775477983584	3	adyghe	ħisap	14.749080277330105	17.627648025725936	0.6589451106960579
d46	ħisap_cf	20.71518	7.888243	7248.047	0.008189628	adyghe_d46	4797.492902598528	4837.832537200988	0.21954681978388996	-1.627626073769206	cf	adyghe	ħisap	18.299822909569926	18.348155409227893	0.6589451106960579
d46	sabəj_1	20.73847	9.710557	7277.344	0.010514889	adyghe_d46	8620.612059011972	2251.5235236339417	-0.47962862734143524	2.767413643743775	1	adyghe	sabəj	21.681418796613357	13.859623774904826	0.6589451106960579
d46	sabəj_2	20.68237	7.602834	7207.031	0.008168851	adyghe_d46	8627.569665700676	2778.50403832676	-0.8386039736507144	1.8488930917415844	2	adyghe	sabəj	21.68569955315582	15.148180390761462	0.6589451106960579
d46	sabəj_3	20.691770000000002	8.171631	7218.75	0.008508512	adyghe_d46	9026.712674840506	3020.452003535361	-1.0469474495692694	1.796173983455179	3	adyghe	sabəj	21.92168424818997	15.642232324015568	0.6589451106960579
d46	sabəj_cf	20.74311	9.248527	7283.203	0.009862731	adyghe_d46	8659.77167664419	2205.6680434961795	-0.4630090932882477	2.426251459402482	cf	adyghe	sabəj	21.70543617752337	13.729892629099473	0.6589451106960579
d46	sabəjə_1	20.99983	7.616451	7652.344	0.007496597	adyghe_d46	742.0873203432102	2640.212883641862	3.64636621139795	11.76814984177237	1	adyghe	sabəjə	6.709996335973697	14.8414831902177	0.6589451106960579
d46	sabəjə_2	19.89876	9.207605	6304.688	0.010454027	adyghe_d46	1761.6662733541523	3865.060637203279	1.918261427960482	1.900795845145355	2	adyghe	sabəjə	12.273572908156538	17.063266865851666	0.6589451106960579
d46	sabəjə_3	20.93378	5.971939	7529.297	0.00612112	adyghe_d46	8433.482356983282	5189.782890385871	-0.7434161151695392	-1.0155528598593122	3	adyghe	sabəjə	21.564068794737178	18.75539192949883	0.6589451106960579
d46	sabəjə_cf	20.78928	8.346223	7341.797	0.008777398	adyghe_d46	9612.390048984125	2965.288691147368	-1.5360615378562557	3.119127264565199	cf	adyghe	sabəjə	22.23565482577555	15.533910680423059	0.6589451106960579
d46	sapɐ_1	20.83723	7.679641	7403.32	0.0080627	adyghe_d46	9308.250624068642	2909.718071110053	-1.4475541796008848	3.0972618052025807	1	adyghe	sapɐ	22.07721608344913	15.422308459633978	0.6589451106960579
d46	sapɐ_2	20.55842	8.074592	7054.688	0.008627744	adyghe_d46	8630.110872215999	3172.343162940699	-0.8182481117703367	1.5273976532939297	2	adyghe	sapɐ	21.687261604556387	15.92873634923364	0.6589451106960579
d46	sapɐ_3	20.85762	7.454931	7429.688	0.007784279	adyghe_d46	8455.00950963989	3447.1863318772553	-0.4117239443712187	0.6159699056332206	3	adyghe	sapɐ	21.577787950261843	16.40882427799012	0.6589451106960579
d46	sapɐ_cf	20.70583	7.184621	7236.328	0.007644095	adyghe_d46	7103.189833574933	2947.1973809206343	-0.23335555885569784	2.5261779963543596	cf	adyghe	sapɐ	20.598242774390418	15.497857197993405	0.6589451106960579
d48	ħisap_1	20.17159	8.5058911	7998.047	0.006282766	adyghe_d48	9384.396737079956	4227.018770011129	-1.3593062548798363	0.6177462645055041	1	adyghe	ħisap	22.117796826303632	17.57378150692805	0.6589451106960579
d48	ħisap_2	19.88778	7.7351295	6292.969	0.008888654	adyghe_d48	6512.832606608211	5295.1313313412775	-0.22876611598565344	-1.6992450949620947	2	adyghe	ħisap	20.09021599985078	18.87256019270714	0.6589451106960579
d48	sabəj_1	20.31063	4.9147152	6761.719	0.004487538	adyghe_d48	9017.639714677995	3548.595528591178	-0.7745008767187531	0.5876860336582026	1	adyghe	sabəj	21.916525067943546	16.57518970160184	0.6589451106960579
d48	sabəj_2	20.18462	6.6099508	6618.164	0.006884147	adyghe_d48	9071.288490236093	3010.052660724011	-0.7106142684104871	1.5552285447083456	2	adyghe	sabəj	21.94689638063005	15.621993861280037	0.6589451106960579
d48	sabəj_3	19.4902	8.9315253	5882.812	0.009933434	adyghe_d48	7975.647500467184	2448.1929923929965	-0.06023276066272428	1.3820210670535351	3	adyghe	sabəj	21.25837892773527	14.380815728560426	0.6589451106960579
d48	sabəj_cf	20.19762	4.3755863	6632.812	0.005460702	adyghe_d48	5260.488326308788	4751.6858345709215	0.17322066613891296	-1.296002321624091	cf	adyghe	sabəj	18.834259079442763	18.244500164832637	0.6589451106960579
d48	sabəjə_1	20.45093	4.6791809	6925.781	0.005292269	adyghe_d48	9640.718427192014	4014.502766276537	-1.4905808625247476	1.248715564420265	1	adyghe	sabəjə	22.249924876881906	17.279548922593005	0.6589451106960579
d48	sabəjə_2	19.92064	6.5765625	6328.125	0.007736928	adyghe_d48	10891.666712664184	2583.1299021867762	-2.344687165515431	7.842413722146446	2	adyghe	sabəjə	22.805524926936325	14.709019098947063	0.6589451106960579
d48	sabəjə_3	20.00736	7.4737308	6421.875	0.008641032	adyghe_d48	9303.76839251251	3625.50779033461	-1.750007144772528	2.0162544838047713	3	adyghe	sabəjə	22.074807979675942	16.697943205098987	0.6589451106960579
d48	sabəjə_cf	20.21317	8.8381816	7998.047	0.004473048	adyghe_d48	3386.2352760038984	4910.641991730049	0.9247541596330249	-1.0348074392805313	cf	adyghe	sabəjə	16.306199887408003	18.434495491508788	0.6589451106960579
d48	sapɐ_1	20.43112	7.1975661	6902.344	0.007699218	adyghe_d48	8682.343400812017	3029.493361009466	-0.2830034824765386	2.2740016587431935	1	adyghe	sapɐ	21.71919604433826	15.659760430606461	0.6589451106960579
d48	sapɐ_2	20.99983	5.8440285	7998.047	0.005357791	adyghe_d48	8935.58666699999	2053.1760052345817	-0.42176870349480977	7.575414184742629	2	adyghe	sapɐ	21.86944126131992	13.273202820248594	0.6589451106960579
d48	sapɐ_cf	20.45093	9.276941	7998.047	0.008971019	adyghe_d48	7736.171288242908	3760.6040749630693	-0.7247515005877968	0.35552040273025165	cf	adyghe	sapɐ	21.087572058020626	16.906966928088806	0.6589451106960579
d6	sajkanə_1	19.8321	3.858616	6233.862	0.004745786	udmurt_d6_sajkanə	1762.648233887147	2678.9401297037257	1.2163189864659003	-0.323734992828844	1	udmurt	sajkanə	12.277260491306237	14.92934102801356	0.35725844878343993
d6	sajkanə_2	19.87778	2.757375	6282.312	0.003761383	udmurt_d6_sajkanə	2686.974563942728	3046.7783403092844	0.4696800764767493	-1.6485357782573202	2	udmurt	sajkanə	14.94737093370104	15.693097092703924	0.35725844878343993
d6	sajkət _2	19.76549	2.887173	6163.879	0.004212323	udmurt_d6_sajkət	4187.236482887354	3154.336726410034	-0.3889018511734443	-1.676641641247431	2	udmurt	sajkət	17.519809054162362	15.895625314628484	0.35725844878343993
d6	sajkət_1	19.75	3.073138	6147.729	0.004332971	udmurt_d6_sajkət	3906.452228292149	3085.8520657631675	-0.2753830024493484	-1.7051757734749986	1	udmurt	sajkət	17.124005341186837	15.767634915056508	0.35725844878343993
d7	sajkač'kənə_1	19.85752	5.470747	6260.779	0.006576705	udmurt_d7_sajkač_kənə	2577.3243163557227	3203.4387057222907	0.7751481617504502	-1.1371103308326864	1	udmurt	sajkač'kənə	14.695342867809266	15.985403190491619	0.35725844878343993
d7	sajkač'kənə_2	19.72411	6.089538	6120.813	0.008037444	udmurt_d7_sajkač_kənə	6818.648993208335	1548.0790524404197	-1.2037119234302132	6.211725893300235	2	udmurt	sajkač'kənə	20.359757690354602	11.411336786073223	0.35725844878343993
d7	sajkač'kənə_3	19.85245	6.706781	6255.396	0.008746006	udmurt_d7_sajkač_kənə	7257.421323362666	1169.556022323486	0.1324894810070436	1.6261477281090677	3	udmurt	sajkač'kənə	20.72264707212244	9.531253945775934	0.35725844878343993
d7	sajkatənə_1	19.82701	6.537636	6228.479	0.00842094	udmurt_d7_sajkatənə	6636.633027228932	1344.5318211480292	-0.33169659271483987	5.005863862874692	1	udmurt	sajkatənə	20.201002276928584	10.463068317954864	0.35725844878343993
d7	sajkatənə_2	19.65626	6.388691	6050.83	0.009329191	udmurt_d7_sajkatənə	6380.79743339762	1867.4848060696463	-1.6683804027328057	4.698981672288624	2	udmurt	sajkatənə	19.969526105051894	12.657777280556601	0.35725844878343993
d7	sajkatənə_3	19.7293	6.895624	6126.196	0.009857438	udmurt_d7_sajkatənə	7199.269100886244	1332.0724431039632	-0.0790102663203338	2.4975122173699713	3	udmurt	sajkatənə	20.676138595175676	10.400489902470188	0.35725844878343993
d7	sajkomənə_1	19.41539	7.44406	5808.582	0.009680964	udmurt_d7_sajkomənə	6273.566534843485	1196.0687702626285	0.6442806290148074	2.5492363936811637	1	udmurt	sajkomənə	19.869563140193495	9.680030715219736	0.35725844878343993
d7	sajkomənə_2	19.7293	6.604323	6126.196	0.008441716	udmurt_d7_sajkomənə	6350.249854320314	1342.0599651132343	-0.2519237867757818	4.344655874382508	2	udmurt	sajkomənə	19.94122757229244	10.450697163772071	0.35725844878343993
d8	sajkač'ke_1	20.14917	4.75424	6578.394	0.007962292	udmurt_d8_sajkač_ke	7551.402387848725	1588.5080014599669	-1.4487114680251623	4.887672133763749	1	udmurt	sajkač'ke	20.950489677232355	11.584233152678324	0.35725844878343993
d8	sajkač'ke_2	21.99475	4.067984	6772.192	0.00510428	udmurt_d8_sajkač_ke	7967.430744474366	1332.2765645212032	-1.2746817042610235	4.620729968330081	2	udmurt	sajkač'ke	21.252644785392476	10.401519589672352	0.35725844878343993
d8	sajkač'ke_3	20.14435	3.22813	6573.01	0.00305423	udmurt_d8_sajkač_ke	7081.377084231351	1582.9410803143687	-1.393592455717884	4.376907713020122	3	udmurt	sajkač'ke	20.580374358380638	11.560709177974738	0.35725844878343993
d8	sajkišʼkənə_1	21.2563	5.099042	7972.668	0.00473859	udmurt_d8_sajkišʼkənə	6155.508329661795	3950.979649294946	-0.47543846628163655	-0.7360627182100448	1	udmurt	sajkišʼkənə	19.75746557308992	17.188621316743323	0.35725844878343993
d8	sajkišʼkənə_2	22.47724	1.334592	7865.002	0.003416343	udmurt_d8_sajkišʼkənə	7949.092026536854	3493.012111744754	-0.8231658771143778	0.6859600312238894	2	udmurt	sajkišʼkənə	21.239814779321836	16.484661386063575	0.35725844878343993
d8	sajkišʼkənə_3	22.47478	3.544798	7848.853	0.005258598	udmurt_d8_sajkišʼkənə	8209.270190455112	3524.2212487324787	-0.43760715216271795	0.9131239920563434	3	udmurt	sajkišʼkənə	21.41772251292484	16.535684086641353	0.35725844878343993
d9	sajkanə_1	19.07348	6.448246	5480.2	0.006939169	udmurt_d9_sajkanə	2980.786362062109	2923.049444155554	0.30881188935300297	-1.4830333302735088	1	udmurt	sajkanə	15.564585450728039	15.449315320284589	0.35725844878343993
d9	sajkanə_2	20.05691	4.071716	6476.111	0.004400083	udmurt_d9_sajkanə	2572.047783018351	3073.5092452264203	0.6462094989558301	-1.301917092249414	2	udmurt	sajkanə	14.6828795597936	15.744211061417456	0.35725844878343993
d9	sajkanə_3	18.85698	6.251522	5281.018	0.007313626	udmurt_d9_sajkanə	1732.3960670654817	2577.8562980558254	1.3628514697903624	0.41183641189254283	3	udmurt	sajkanə	12.16255683025133	14.69659765625713	0.35725844878343993
d9	sajkanə_4	18.8748	7.748794	5297.168	0.009240977	udmurt_d9_sajkanə	1515.9746925294519	2488.07463308652	1.5264699022951413	0.7501298538565617	4	udmurt	sajkanə	11.270573985835886	14.480129046435408	0.35725844878343993
d9	sajkanə_5	19.7293	5.984172	6126.196	0.006319026	udmurt_d9_sajkanə	3743.6504660412193	3038.219304297052	-0.13519754174083481	-1.6223421285712099	5	udmurt	sajkanə	16.88117450215628	15.676617965225043	0.35725844878343993
d9	sajkaz_1	19.10793	8.245385	5512.5	0.010098778	udmurt_d9_sajkaz	3187.026201121369	3031.9621558265203	0.20656355114793923	-1.5690455245902573	1	udmurt	sajkaz	15.955574153464333	15.664535730961964	0.35725844878343993
d9	sajkaz_2	19.14788	5.925021	5550.183	0.007639257	udmurt_d9_sajkaz	2780.4627852092503	3012.5398808753393	0.508195650939489	-1.3280895933471881	2	udmurt	sajkaz	15.152388290519857	15.626841911622408	0.35725844878343993
d9	sajkət_1	19.7293	3.867418	6126.196	0.003225974	udmurt_d9_sajkət	3805.8649786682577	2910.7813347494757	-0.21114285697286456	-1.4995204288134028	1	udmurt	sajkət	16.97523558520676	15.424467928643475	0.35725844878343993
d9	sajkət_2	19.61412	5.08414	6007.764	0.004895362	udmurt_d9_sajkət	2309.3080707201484	2813.1150047859264	0.8116942900452335	-0.9769203533759074	2	udmurt	sajkət	14.018490827416064	15.222002240167006	0.35725844878343993
d9	sajkət_3	19.08498	8.141698	5490.967	0.009132962	udmurt_d9_sajkət	3904.4180842096275	2878.5076267141694	-0.27976877201040595	-1.3629133414928791	3	udmurt	sajkət	17.12103573581679	15.358490588922264	0.35725844878343993
